상점 이름,대분류,지역,분류1,가격(밥),분위기(술),목적(카페),상점이미지,사장님 한마디,연락처,운영시간,배달,포장,예약,대관,좌식,흡연실,1인석,단체석,특이사항,위도,경도,지번주소,도로명주소,새로운 상점 여부,키워드,출처,,,,
광동수산조개구이,밥,고려대,기타,,,,,,/(02)942-8885,월-일 15:30 ~ 아침 07:30 / 연중무휴,O,O,O,,,,,,5만원 이상만 배달,,,,서울특별시 성북구 회기로 3,,,http://blog.naver.com/go7sun/220692553902,,,,
신은정 광주소머리국밥,밥,고려대,한식,,,,,,010-6263-9779,24시간 ,X,O,O,,,,,,,,,,성북구 종암동 28-10,,,,,,,
구십스,밥,고려대,분식,,,,,,/(02)6396-9500,월-토 11:00 ~ 22:00 / 일요일 휴무,X,O,O,,,,,,,,,,서울특별시 동대문구 고산자로 560,,,,,,,
그옛날에 즉석짜장,밥,고려대,중식,,,,,,/(02)919-9804,24시간,X,O,X,,,,,,,,,,서울특별시 동대문구 고산자로60길 49,,,,,,,
다원스시,밥,고려대,일식,,,,,,http://blog.naver.com/lyunmi94/220881319131,월-일 11:00 ~ 22:00,X,O,O,,,,,,,,,,,,,,,,,
더테이블,밥,고려대,양식,,,,,,/(02)928-5097,"월-일 11:00 ~ 15:00 / 17:30 ~ 10:00 / 브레이드타임 15:00 ~ 17:30 / 라스트오더 14:00, 21:00",X,X,O,,,,,,,,,,서울특별시 동대문구 회기로 14 어진재,,,,,,,
돌냄비열우동,밥,고려대,일식,,,,,,/(02)6326-6211,월-금 10:30 ~ 20:30 / 토-일 10:30 ~ 07:30,X,O,O,,,,,,,,,,서울특별시 성북구 회기로3길 2,,,,,,,
바다아구찜,밥,고려대,한식,,,,,,/(02)942-1687,월-일 09:00 ~ 23:00,X,O,O,,,,,,,,,,,,,,,,,
빈이네등갈비,밥,고려대,고기,,,,,,/(02)941-9803,월-일 11:00 ~ 24:00 ,X,O,O,,,,,,점심특선은 11:00 ~ 14:00까지 / 일요일은 점심특선 안됨,,,,서울특별시 성북구 회기로 15-2,,,,,,,
알래스카에서 온 연어가 맛있는 집,밥,고려대,기타,,,,,,/(02)929-3401,월-일 11:00 ~ 02:00,X,O,O,,,,,,,,,,서울특별시 동대문구 고산자로 553,,,http://blog.naver.com/1nelove/220401380047,,,,
에스키모,밥,고려대,치킨,,,,,,/(02)913-9298,24시간 / 연중무휴,X,O,O,,,,,,,,,,서울특별시 성북구 회기로 5,,,,,,,
연어사랑,밥,고려대,기타,,,,,,/(02)928-8243,월-일 16:00 ~ 01:30,X,O,O,,,,,,,,,,서울특별시 동대문구 고산자로 549-1,,,http://blog.naver.com/1nelove/220815152380,,,,
오늘은 면발 땡기는날,밥,고려대,중식,,,,,,/(02)928-1766,"월-일 11:00 ~ 21:00 / 둘째, 넷째주 월요일 휴무",X,O,X,,,,,,,,,,서울특별시 동대문구 제기로7길 37,,,http://blog.naver.com/hajung0716/220913116054,,,,
오소리순대,밥,고려대,한식,,,,,,/(02)918-9797,월-일 10:30 ~ 21:30,X,O,O,,,,,,배달은 모둠순대 이상부터,,,,서울특별시 동대문구 회기로4길 16,,,,,,,
왕십리막창구이,밥,고려대,고기,,,,,,(02)923-4806 / 010-4569-9292,"월-일 14:00 ~ 05:00 / 첫째, 셋째 일요일 휴무",,,,,,,,,,,,,,,,,,,,
조개bene,밥,고려대,기타,,,,,,/(02)927-6447,월-토 18:00 ~ 01:00 / 일 18:00 ~ 11:00,X,O,O,,,,,,,,,,,,,http://blog.naver.com/hajung0716/220919736893,,,,
종암골 생고기,밥,고려대,고기,,,,,,/(02)921-4031,월-일 24시간,X,O,O,,,,,,,,,,서울특별시 동대문구 회기로 16-1 제기동근린생활시설및다세대주택,,,,,,,
준이네분식,밥,고려대,분식,,,,,,/(02)917-0308,??,X,O,O,,,,,,,,,,,,,http://blog.naver.com/lyunmi94/220881319131,,,,
파마고,밥,고려대,한식,,,,,,/(02)926-9233,월-토 10:00 ~ 11:00,X,O,O,,,,,,,,,,서울특별시 동대문구 고산자로 562,,,,,,,
황궁,밥,고려대,중식,,,,,,/(02)912-8160,월-토 11:30 ~ 22:00 / 일요일 휴무,X,X,O,,,,,,,,,,서울특별시 성북구 종암로 18 거산프라자,,,,,,,
굿띵,밥/술,고려대,분식/맥주,,,,,,/(02)919-5922,월-금 11:30 ~ 00:00 / 토요일 11:30 ~ 13:00 / 일요일 휴무,X,O,O,,,,,,,,,,서울특별시 성북구 회기로3길 2,,,,,,,
다올래 치킨호프,밥/술,고려대,치킨/맥주,,,,,,/(02)927-4517,월-금 17:00 ~ 02:00 / 토-일 17:00 ~ 01:00,X,O,O,,,,,,,,,,,,,,,,,
한신포차,술,고려대,소주,,,,,,,,,,,,,,,,,,,,,,,,,,,
Take Away,카페,고려대,커피,,,?,,,/(02)919-3770,월-일 09:00 ~ 23:00,,,,,O,X,O,O,,,,,서울특별시 성북구 종암로 12,,,,,,,
THE BETTER,카페,고려대,?,,,?,,,(02)942-9301,,,,,,O,X,O,O,,,,,,,,,,,,
작은콩,카페,고려대,커피,,,?,,,010-9169-5334,월-금 09:00 ~ 23:00 / 토-일 10:00 ~ 22:00,,,,,O,X,O,O,,,,,,,,,,,,
고대분식(이과),밥,교내,분식,부담없게,,,,,/(02)926-2121,월-금 10:00 ~ 20:00 / 토 10:00 ~ 15:00 / 일요일 휴무,X,O,X,,,,,,이과 캠퍼스 / 단체 주문은 하루 전에,,,,서울특별시 성북구 안암로 145 고려대학교 안암캠퍼스(자연계) 이공과대학과학도서관지하 1층,,,,,,,
끼니와새참,밥,교내,한식/분식,무난보통,,,,,/(02)3290-2651,월-금 08:10 ~ 20:00 / 라스트 오더 19:30 / 공휴일 휴무,X,X,X,,,,,,문과 캠퍼스,,,,서울특별시 성북구 안암동5가 1-2,,,,,,,
롯데리아(이과),밥,교내,양식,무난보통,,,,,/(02)926-8884,매일 08:00~21:00 / 방학 중 08:00 ~ 20:00,O,O,O,,,,,,"이과 캠퍼스 / 배달은 2시 이후, 10000원 이상만 가능",,,,서울특별시 성북구 안암로 145 고려대학교 안암캠퍼스(자연계) 하나스퀘어,,,,,,,
마더스밥,밥,교내,분식,무난보통,,,,,,,X,X,X,,,,,,문과 캠퍼스,,,,,,,,,,,
맘스터치,밥,교내,양식,무난보통,,,,,/(02)026-2622,월-토 10:30 ~ 20:00 / 일요일 휴무,X,O,X,,,,,,문과 캠퍼스,,,,서울특별시 성북구 안암로 145 타이거프라자 1층,,,,,,,
버거킹,밥,교내,양식,작은사치,,,,,/(02)928-0330,월-일 09:00 ~ 21:00 / 연중무휴,X,O,X,,,,,,문과 캠퍼스,,,,서울특별시 성북구 안암로 145 고려대학교안암캠퍼스(인문사회계),,,,,,,
비비고,밥,교내,한식,무난보통,,,,,/(02)926-7423,월-금 11:00 ~ 19:30 / 토-일 11:00 ~ 18:30 ,X,O,X,,,,,,문과 캠퍼스,,,,서울특별시 성북구 안암동5가 1-2 고려대학교 CJ 법학관 1층,,,http://blog.naver.com/jhj881111,,,,
CNN카페,카페,교내,커피,,,,,,/(02)925-6674,월-금 08:00 ~ 21:00 / 토-일 09:00 ~ 20:00,,,,,,,,,문과 캠퍼스,,,,서울특별시 성북구 안암로 145 고려대학교,,,,,,,
MOST(이과),카페,교내,커피,,,테이크아웃,,,/(02)841-7095,월-금 08:00 ~ 19:00 / 토-일 08:00 ~ 18:00,,,,,X,X,O,X,이과 캠퍼스,,,,서울특별시 성북구 안암로 145 고려대학교 안암캠퍼스(자연계) 이공과대학과학도서관지하 1층,,,,,,,
PALAZZO(이과),카페,교내,빙과/커피,,,대화와만남,,,/(02)923-2425,월-금 08:30 ~ 21:30 / 토-일 11:00 ~ 17:00,,,,,X,X,X,X,이과 캠퍼스,,,,서울특별시 성북구 안암로 145 고려대학교 안암캠퍼스(자연계) 하나스퀘어,,,,,,,
TIAMO(중광),카페,교내,커피/빙과,,,,,,070-8828-9498,월-금 08:00 ~ 23:00 / 토-일 10:00 ~ 23:00,,,,,,,,,문과 캠퍼스,,,,서울특별시 성북구 안암로 145 고려대중앙광장 지하 1층,,,,,,,
TIAMO(현차관),카페,교내,커피/빙과,,,,,,(02)313-6284,월-금 08:00 ~ 23:00 / 토-일 10:00 ~ 23:00,,,,,,,,,문과 캠퍼스,,,,,,,,,,,
고대북카페,카페,교내,커피,,,조용히할일,,,(02)928-1882,월-금 08:00 ~ 21:00 / 토 09:00 ~ 21:00 / 일 10:00 ~ 21:00,,,,,,,,,문과 캠퍼스,,,,,,,,,,,
고대빵(국제관),카페,교내,제과,,,테이크아웃,,,,,,,,,,,,,문과 캠퍼스,,,,,,,,,,,
고대빵(이과_애기능생활관),카페,교내,제과,,,테이크아웃,,,/(02)3290-4065,"월-금 08:30 ~ 17:30 / 공휴일, 토요일, 일요일 휴무",,,,,X,X,X,X,문과 캠퍼스,,,,서울특별시 성북구 안암로 145 고려대학교 안암캠퍼스(자연계) 애기능생활관 B1,,,,,,,
고대빵(이과_하나스퀘어),카페,교내,제과,,,테이크아웃,,,/(02)3290-4066,"월-금 09:30 ~ 17:30 / 공휴일, 토요일, 일요일 휴무",,,,,X,X,X,X,이과 캠퍼스,,,,서울특별시 성북구 안암로 145 고려대학교 안암캠퍼스(자연계) 하나스퀘어,,,,,,,
디초콜릿,카페,교내,커피,,,테이크아웃/대화와만남,,,/(02)921-1866,월-금 08:00 ~ 22:00 / 금-토 09:00 ~ 21:00,,,,,,,,,문과 캠퍼스,,,,서울특별시 성북구 안암동5가 1-21,,,,,,,
마로네(이과),카페,교내,,,,?,,,,,,,,,,,,,이과 캠퍼스,,,,서울특별시 성북구 안암로 145 고려대학교 안암캠퍼스(자연계) 하나과학관 지하 1층,,,,,,,
미디어관 카페,카페,교내,커피,,,테이크아웃,,,,,,,,,,,,,문과 캠퍼스,,,,,,,,,,,
샌드프레소(이과),카페,교내,커피,,,대화와만남,,,없음,월-금  08:00 ~ 22:00 / 토-일 09:00 ~ 18:30,,,,,,,,,이과 캠퍼스,,,,서울특별시 성북구 안암로 145 고려대학교 안암캠퍼스(자연계) 하나스퀘어,,,,,,,
오픈엘리,카페,교내,커피,,,조용히할일/대화와만남,,,(02)3291-3263,월-토 10:00 ~ 20:00 / 일요일 휴무,,,,,,,,,문과 캠퍼스,,,,서울특별시 성북구 안암로 145 고려대학교 파이빌 99 A동1층,,,http://blog.naver.com/lovelyvelvet/220888958101,,,,
카페 드림,카페,교내,커피,,,테이크아웃,,,(02)925-6451,월-토 08:00 ~ 18:30 / 일요일 휴무,,,,,,,,,문과 캠퍼스,,,,"서울특별시 성북구 안암로 145, 고려대학교 라이시움관 1층",,,,,,,
카페베네,카페,교내,커피/제과,,,,,,/(02)925-6232,월-일 07:00 ~ 22:00,,,,,,,,,문과 캠퍼스,,,,서울특별시 성북구 안암로 145 고려대학교안암캠퍼스 중앙광장 지하1층 101호,,,,,,,
투썸플레이스(CJ법학관),카페,교내,커피,,,,,,/(02)927-2379,월-금 07:30 ~ 21:30 / 토 08:00 ~ 21:30 / 일 09:30 ~ 21:30,,,,,,,,,문과 캠퍼스,,,,서울특별시 성북구 종암동 산2-138,,,,,,,
투썸플레이스(타이거플라자),카페,교내,커피,,,,,,/(02)928-2355,월-금 07:30 ~ 21:30 / 토 08:00 ~ 21:30 / 일 09:30 ~ 21:30,,,,,,,,,문과 캠퍼스,,,,서울특별시 성북구 안암동5가 1 타이거프라자 2층,,,,,,,
학관카페,카페,교내,커피,,,대화만남/조용히할일,,,없음,월-금 08:00 ~ 19:00 / 토 08:00 ~ 14:00 / 일요일 휴무,,,,,,,,,문과 캠퍼스,,,,,,,,,,,
또랑(이과),카페/밥,교내,커피/분식,부담없게,,대화와만남,,,/(02)923-4294,월-토 08:00 ~ 21:00 / 일요일 휴무 / 방학 중 월-토 08:00 ~ 20:00,X,O,X,,X,X,X,X,이과 캠퍼스 / 점심 도시락 3500원 / 저녁 도시락 2500원,,,,서울특별시 성북구 안암로 145 고려대학교 안암캠퍼스(자연계) 애기능학관,,,,,,,
갈마당,밥,법후,고기,,,,,,/(02)911-5576,월-일 09:00 ~ 22:30 / 연중무휴,X,O,O,,,,,,,,,,,,,,,,,
거성치킨,밥,법후,치킨,,,,,,/(02)6160-4980,월-일 15:00 ~ 01:30,X,O,O,,,,,,,,,,서울특별시 성북구 북악산로29길 30,,,http://minheecool.blog.me/220492208820?Redirect=Log&from=postView,,,,
고대식당,밥,법후,한식,,,,,,/(02)928-6256,월-일 06:00 ~ 19:00:00 ,X,O,O,,,,,,,,,,,,,,,,,
다래성,밥,법후,중식,,,,,,/(02)929-2423,월-일 10:30 ~ 21:00,O,O,O,,,,,,,,,,서울특별시 성북구 종암로 25,,,,,,,
두레식당,밥,법후,한식,,,,,,/(02)928-4882,월~토 07:00 ~ 10:00 / 17:00 ~ 22:00 / 일요일 휴무 ,X,X,O,,,,,,,,,,,,,,,,,
마마돈가스,밥,법후,일식,,,,,,/(02)943-9414,월-금 10:30 ~ 20:00 / 토-일 휴무,X,O,X,,,,,,,,,,,,,,,,,
마산 아구찜 꽃게찜,밥,법후,한식,,,,,,/(02)917-7601,월-일 11:00 ~ 20:30,X,O,O,,,,,,,,,,,,,,,,,
맥도날드,밥,법후,양식,,,,,,070-7017-0661,월-일 24시간,O,O,X,,,,,,,,,,서울특별시 성북구 종암로 58,,,,,,,
무아국수집,밥,법후,한식,,,,,,/(02)928-3235,월-일 10:00 ~ 22:00,X,O,O,,,,,,,,,,서울특별시 성북구 종암로3길 13,,,,,,,
밀크밥버거,밥,법후,한식,,,,,,/(02)6498-0505,화-일 10:00 ~ 20:00 / 월요일 휴무,X,O,O,,,,,,,,,,서울특별시 성북구 북악산로29길 40,,,,,,,
보리밥 바지락칼국수,밥,법후,한식,,,,,,/(02)910-7377,월-토 11:30 ~ 21:00 /  일요일 휴무,X,O,O,,,,,,,,,,,,,,,,,
부어치킨,밥,법후,치킨,,,,,,/(02)928-3493,,X,O,X,,,,,,,,,,서울특별시 성북구 종암로5길 29,,,,,,,
서울식당,밥,법후,한식,,,,,,/(02)924-5134,월-토 10:00 ~ 20:00 / 일요일 휴무,X,O,O,,,,,,,,,,서울특별시 성북구 종암로 21,,,,,,,
수스엘주야식,밥,법후,한식,,,,,,/(02)927-7773,월-토 09:00 ~ 20:00 / 일요일 휴무,X,O,O,,,,,,,,,,서울특별시 성북구 종암로 39 2층,,,,,,,
숭례식당,밥,법후,한식,,,,,,/(02)923-2369,월-토 07:00 ~ 20:00 / 일요일 휴무,X,X,X,,,,,,,,,,,,,,,,,
식구,밥,법후,,,,,,,,,X,X,X,,,,,,,,,,,,,,,,,
신생,밥,법후,고기,,,,,,/(02)914-0902,"월-일 11:00 ~ 21:00 / 첫째, 셋째주 일요일 휴무",,,,,,,,,,,,,서울특별시 성북구 종암로14길 6-26,,,,,,,
아미가,밥,법후,한식,,,,,,/(02)922-5558,월-일 09:30 ~ 21:00 / 15:00 ~16:30 브레이크타임,X,O,O,,,,,,,,,,서울특별시 성북구 종암동 24-15,,,http://blog.naver.com/kunlovetrip,,,,
아침바다,밥,법후,한식,,,,,,/(02)929-1352,월-일 10:00 ~ 22:00,X,O,O,,,,,,,,,,서울특별시 성북구 종암로3길 13 중앙빌딩,,,,,,,
알콩김밥 달콩라면,밥,법후,분식,,,,,,/(02)923-3355,월-토 09:00 ~ 21:00 / 일요일 휴무,X,O,O,,,,,,,,,,서울특별시 성북구 종암로9길 3 아주빌딩,,,,,,,
양자설렁탕,밥,법후,한식,,,,,,/(02)953-3234,월-일 24시간 / 일요일 24:00 ~ 08:00 휴무,X,O,O,,,,,,,,,,서울특별시 성북구 종암로 25,,,http://blog.naver.com/jhj881111,,,,
엄마네,밥,법후,분식,,,,,,/(02)953-8221,월-금 10:00 ~ 21:30 / 토 10:00 ~ 19:00 / 일요일 휴무,X,O,X,,,,,,,,,,,,,,,,,
오박사네 돈까스,밥,법후,일식,,,,,,/(02)922-9759,월-일 10:30 ~ 21:00,X,O,O,,,,,,,,,,서울특별시 성북구 북악산로 1055 종암빌딩,,,,,,,
옥당골,밥,법후,한식,,,,,,/(02)923-3720,월-토 11:00 ~ 21:00,X,O,O,,,,,,,,,,서울특별시 성북구 종암로 23,,,http://blog.naver.com/c10819?Redirect=Log&logNo=220747339182&from=postView,,,,
우리 사철탕 삼계탕,밥,법후,한식,,,,,,/(02)922-0845,월-일 11:00 ~ 10:00,X,O,O,,,,,,,,,,,,,http://blog.naver.com/emiyakukizza/220668216945,,,,
우이동 멸치국수,밥,법후,분식,,,,,,/(02)929-9911,월-금 11:00 ~ 20:30 / 토-일 휴무,X,O,X,,,,,,,,,,,,,,,,,
유정,밥,법후,한식,,,,,,/(02)928-6256,월-일 10:30 ~ 21:30 ,X,O,O,,,,,,,,,,,,,,,,,
자스민,밥,법후,중식,,,,,,/(02)929-8955,월-일 11:30 ~ 21:00 / 브레이크타임 15:00 ~ 17:00,X,O,O,,,,,,,,,,서울특별시 성북구 종암로 37,,,,,,,
참새방앗간,밥,법후,분식,,,,,,/(02)929-7328,월-금 11:00 ~ 21:30 / 라스트오더 21:00 / 토 11:00 ~ 19:30 / 일요일 휴무,X,O,X,,,,,,,,,,,,,,,,,
청보리꼴,밥,법후,한식,,,,,,/(02)927-9966,"월-일 11:00 ~ 22:00 / 첫째, 셋째 토일 휴무",X,X,O,,,,,,,,,,서울특별시 성북구 북악산로 1062,,,,,,,
청송횟집,밥,법후,기타,,,,,,/(02)921-8267,월-토 11:00 ~ 10:30 / 일요일 휴무,X,O,O,,,,,,,,,,,,,,,,,
청진동 해장국,밥,법후,한식,,,,,,/(02)942-7022,월-일 24시간 / ,X,O,O,,,,,,,,,,,,,,,,,
큰대문집,밥,법후,고기,,,,,,/(02)913-0902,월-일 11:30 ~ 21:30 / 명절 휴무,X,O,O,,,,,,,,,,서울특별시 성북구 종암로14길 6-21,,,,,,,
피자스쿨(종암점),밥,법후,양식,,,,,,/(02)925-5050,월-일 11:00 ~ 22:30 / 둘째 넷째 화요일 휴무,X,O,X,,,,,,,,,,서울특별시 성북구 종암로9길 3 아주빌딩,,,,,,,
한솥도시락(종암동),밥,법후,한식,,,,,,/(02)953-8377,월-일 09:00 ~ 21:00 / 연중무휴,X,O,X,,,,,,,,,,서울특별시 성북구 종암로5길 29,,,,,,,
해피데이,밥,법후,치킨,,,,,,/(02)941-6455,월-일 14:00 ~ 02:00,X,O,O,,,,,,,,,,,,,,,,,
호랭이밥그릇,밥,법후,한식,,,,,,/(02)929-0787,월-금 07:00 ~ 20:00 / 토 07:00 ~ 16:00 / 일요일 휴무,X,O,O,,,,,,,,,,서울특별시 성북구 북악산로 1057 우전빌딩,,,,,,,
홍대개미,밥,법후,한식,,,,,,/(02)921-1422,월-금 11:00 ~ 21:00 / 토 11:00 ~ 21:00 / 일요일 휴무,X,O,O,,,,,,,,,,서울특별시 성북구 종암로9길 3 1층,,,,,,,
또또치킨호프,밥/술,법후,치킨/맥주,,,,,,/(02)925-3139,월-일 17:00 ~ 04:00,X,O,O,,,,,,,,,,서울특별시 성북구 종암동 23-24,,,,,,,
두루두루,술,법후,소주,,,,,,/(02)921-1211,월-금 17:00 ~ 04:00 / 토-일 17:00 ~ 03:00,X,O,O,,,,,,,,,,서울특별시 성북구 종암로3길 18 낙원빌딩,,,,,,,
DOOL,카페,법후,커피,,,?,,,/(02)921-2225,,,,,,,,,,,,,,서울특별시 성북구 북악산로31길 39,,,,,,,
ISM,카페,법후,커피,,,,,,070-8812-1905,월-금 08:00 ~ 23:00 / 토-일 10:00 ~ 23:00,,,,,,,,,,,,,,,,,,,,
N'D MORE,카페,법후,커피,,,,,,,,,,,,,,,,,,,,,,,,,,,
드럼락커피,카페,법후,브런치/커피,,,,,,/(02)3291-1901,월-일 10:00 ~ 22:00,,,,,,,,,,,,,서울특별시 성북구 종암로9길 5,,,,,,,
뚜레쥬르,카페,법후,제과,,,테이크아웃,,,/(02)928-2378,월-일 07:30 ~ 24:00,,,,,,,,,,,,,서울특별시 성북구 종암로5길 7,,,,,,,
종암동 카페,카페,법후,커피,,,조용히할일/대화와만남,,,/(02)928-7856,월-금 08:30 ~ 18:00 / 토-일 11:00 ~ 18:30,,,,,O,X,O,O,,,,,,,,,,,,
카페 아띠,카페,법후,커피/브런치,,,,,,(02)929-1720,,,,,,,,,,,,,,,,,,,,,
59쌀피자(안암오거리점),밥,이공후문,양식,,,,,,/(02)927-5945,월-금 11:00 ~ 22:00 / 토-일 11:00 ~ 22:00 / 화요일 휴무,,,,,,,,,,,,,서울특별시 동대문구 약령시로 4,,,,,,,
911 온반,밥,이공후문,한식,무난보통,,,,,070-7526-9210,월-토 11:30 ~ 20:00 / 브레이크타임 14:00 ~ 17:00 / 일요일 휴무,X,X,X,,,,,,,,,,서울특별시 성북구 안암로 73-9,,,http://blog.naver.com/lyunmi94/220881319131,,,,
Joe's Grill,밥,이공후문,양식,무난보통,,,,,010-3217-0581,,,,,,,,,,,,,,서울시 성북구 안암동5가 134-43,,,http://sindongyj.blog.me/80208730053?Redirect=Log&from=postView,,,,
Mr.WANG,밥,이공후문,중식,작은사치,,,,,(02)922-0406,월-토 11:00 ~ 21:00 / 브레이크타임 15:00 ~ 17:00 / 일요일 휴무,X,X,O,,,,,,,,,,서울특별시 성북구 안암로9가길 87,,,http://blog.naver.com/jhj881111 / ,,,,
고대맛집ㅋㅋ,밥,이공후문,분식,무난보통,,,,,(02)917-9398,월-금 10:00 ~ 21:00 / 일 12:00 ~ 21:00 / 토요일 휴무,X,X,O,,,,,,,,,,서울특별시 성북구 안암로9가길 80-17,,,http://blog.naver.com/fjakgh/220313201857,,,,
고려성,밥,이공후문,중식,무난보통,,,,,(02)923-9577,월-일 11:00 ~ 21:30 / 첫째 셋째 일요일 휴무 ,O,O,O,,,,,,,,,,,,,,,,,
국민수육국밥,밥,이공후문,한식,무난보통,,,,,(02)922-3353,월-일 08:30 ~ 24:00,X,O,O,,,,,,,,,,,,,http://blog.naver.com/lyunmi94/220815796230,,,,
국수가,밥,이공후문,한식,,,,,,(02)929-4426,월-토 10:30 ~ 20:00 ,X,O,O,,,,,,,,,,,,,,,,,
다돈 참숯화로구이,밥,이공후문,고기,,,,,,(02)928-3340,월-토 09:30 ~ 20:00,X,O,O,,,,,,,,,, 서울특별시 성북구 안암동5가 134-41,,,,,,,
동암 닭한마리 칼국수,밥,이공후문,한식,,,,,,(02)6405-2434,월-일 09:30 ~ 24:00,X,O,O,,,,,,,,,,,,,http://blog.naver.com/go7sun/220569707770,,,,
마루,밥,이공후문,한식,,,,,,(02)928-5355,월-일 10:00 ~ 20:00,X,O,O,,,,,,,,,,서울특별시 성북구 인촌로24길 58-5,,,http://blog.naver.com/lyunmi94/220903165130,,,,
마시께 매운 떡볶이,밥,이공후문,분식,,,,,,(02)921-7272,월-일 13:00 ~ 01:00 ,X,O,X,,,,,,,,,,,,,,,,,
미스사이공,밥,이공후문,기타,무난보통,,,,,(02)928-3646,월-일 10:00 ~ 21:30 / 토요일 휴무,X,O,X,,,,,,,,,,,,,http://blog.naver.com/p_radn?Redirect=Log&logNo=220856928546&from=postView,,,,
미스터피자,밥,이공후문,양식,,,,,,(02)924-1693,월-일 11:00 ~ 22:30,O,O,X,,,,,,,,,,,,,,,,,
박가네뼈다귀해장국,밥,이공후문,한식,무난보통,,,,,/(02)921-8050,24시간 / 연중무휴,X,O,O,,,,,,,,,,서울특별시 동대문구 무학로 200 휴먼플러스,,,http://sindongyj.blog.me/220580292824?Redirect=Log&from=postView,,,,
보신자리,밥,이공후문,한식,,,,,,/(02)924-5887,월-일 10:00 ~ 22:00,X,O,O,,,,,,,,,,서울특별시 동대문구 안암로 70,,,,,,,
본도시락,밥,이공후문,한식,긴축재정,,,,,(02)960-0209,월-일 10:00 ~ 20:00,X,O,X,,,,,,,,,,서울특별시 성북구 안암로 63,,,,,,,
부부손칼국수,밥,이공후문,한식,부담없게,,,,,(02)921-4832,월-토 10:30 ~ 22:00 / 일요일 휴무,X,O,O,,,,,,,,,,,,,,,,,
비야(이공후문점),밥,이공후문,한식,무난보통,,,,,(02)923-4523,월-일 09:00 ~ 20:00,X,X,O,,,,,,,,,,,,,http://blog.naver.com/sujinoh48/220551812501,,,,
삼성통닭(이공후문점),밥,이공후문,치킨,무난보통,,,,"38년 전통, 고대생이라면 꼭 들리는 집입니다",(02)922-0077,월-일 14:00 ~ 05:00,O,O,O,,,,,,200석 규모,,,서울특별시 성북구 안암동5가 104-41호,,,,http://blog.naver.com/1nelove/220735478067 / http://blog.naver.com/f2225800/220681965421,,,,
서병장대김일병,밥,이공후문,한식,무난보통,,,,,(02)926-3535,월-일 09:00 ~ 21:00 / 연중무휴,X,O,O,,,,,,,,,,서울특별시 성북구 안암로9가길 97,,,http://blog.naver.com/sujinoh48/220714830616,,,,
성북연탄돼지불백,밥,이공후문,고기,무난보통,,,,,(02)921-0710,월-일 09:30 ~ 22:00,X,X,O,,,,,,,,,,서울특별시 성북구 안암로9가길 94,,,,,,,
스시진,밥,이공후문,일식,무난보통,,,,,(02)922-4638,월-토 11:00 ~ 22:00 / 일요일 휴무,X,O,O,,,,,,,,,,서울특별시 성북구 안암동5가 134-35,,,,,,,
아는 집밥,밥,이공후문,한식,무난보통,,,,,(02)921-8429,월-일 10:00 ~ 20:00 ,X,O,O,,,,,,,,,,,,,,,,,
엄마 밥 줘,밥,이공후문,한식,무난보통,,,,,(02)925-3792,월-토 09:00 ~ 21:00 / 일요일 휴무,X,O,O,,,,,,,,,,서울특별시 성북구 안암로9가길 93,,,,,,,
오바케 돈부리,밥,이공후문,일식,무난보통,,,,,(02)923-0020,월-일 10:40 ~ 21:00 / 라스트오더 20:40,X,O,O,,,,,,,,,,서울특별시 성북구 안암로9가길 99,,,,,,,
웁스 떡볶이,밥,이공후문,분식,,,,,,(02)929-8591,월-일 12:00 ~ 24:00 / 연중무휴,O,O,X,,,,,,,,,,,,,,,,,
이공냉면,밥,이공후문,한식,,,,,,/(02)923-1415,월-토 05:30 ~ 19:15 / 일요일 휴무,X,O,O,,,,,,,,,,서울특별시 성북구 안암로9가길 101,,,,,,,
이공탄,밥,이공후문,일식,,,,,,/(02)555-2311,월-금 09:30 ~ 21:00 / 토-일 10:30 ~ 20:30,,,,,,,,,,,,,서울특별시 성북구 안암로 73-5,,,,,,,
이모네,밥,이공후문,한식,,,,,,없음,,,,,,,,,,,,,,,,,,,,,
이모네 얼큰이식당,밥,이공후문,한식,,,,,,(02)928-6202,월-금 09:00 ~ 20:30 / 토 09:00 ~ 13:30 / 일요일 휴무,X,O,O,,,,,,,,,,서울특별시 성북구 안암로 61-6,,,,,,,
장터사골 소머리곰탕,밥,이공후문,한식,,,,,,(02)958-7900,,X,O,O,,,,,,,,,,,,,,,,,
정다래 함박스텍(이공후문점),밥,이공후문,양식,,,,,,(02)928-9558,,X,O,X,,,,,,,,,,,,,http://blog.naver.com/p_radn/220279293766,,,,
정한손 칼국수,밥,이공후문,한식,,,,,,(02)921-2212,월-일 09:00 ~ 22:00,X,O,O,,,,,,,,,,,,,,,,,
제주고깃집,밥,이공후문,고기,작은사치,,,,,(02)926-3696,월-일 16:00 ~ 24:00,X,X,X,,,,,,,,,,,,,,,,,
철판남매,밥,이공후문,한식,무난보통,,,,,(02)921-4837,,X,X,X,,,,,,,,,,,,,http://blog.naver.com/jhj881111,,,,
친구네,밥,이공후문,한식,,,,,,(02)922-5550,월-일 08:00 ~ 21:00,X,O,O,,,,,,,,,,,,,http://miree1216.blog.me/220663517939?Redirect=Log&from=postView,,,,
타타스키친,밥,이공후문,한식,작은사치,,,,,(02)925-3883,월-금 11:30 ~ 21:30 (16:00 ~ 17:30 브레이크타임) / 토-일 11:30 ~ 21:30 브레이크타임 없음,X,X,O,,,,,,,,,,서울특별시 성북구 안암로 25,,,http://blog.naver.com/viano0420/220925978418,,,,
탐스필리,밥,이공후문,양식,,,,,,/(02)922-1058,월-금 11:30 ~ 21:30 / 토-일 17:00 ~ 22:00,,,,,,,,,,,,,서울특별시 성북구 안암로 73-9,,,,,,,
피자스쿨(안암점),밥,이공후문,양식,부담없게,,,,,(02)921-6714,월-일 11:00 ~ 22:30,X,O,X,,,,,,,,,,,,,,,,,
할매순대국,밥,이공후문,한식,무난보통,,,,,(02)921-9194,월-일 24시간,X,O,X,,,,,,,,,,,,,,,,,
호화반점,밥,이공후문,중식,,,,,,(02)923-1996~7,월-일 11:00 ~ 21:00 / 연중무휴,,,,,,,,,,,,,서울특별시 성북구 안암로 73-5,,,,,,,
황소식당,밥,이공후문,한식,,,,,,010-3384-7379,,,,,,,,,,,,,,,,,http://blog.naver.com/sujinoh48/220549490152,,,,
흑도담,밥,이공후문,고기,작은사치,,,,,(02)929-3495,월-토 10:00 ~ 22:00 / 일요일 휴무,X,O,O,,,,,,,,,,서울특별시 성북구 안암로9가길 100,,,,,,,
마시고,밥/술,이공후문,한식/소주,무난보통,,,,,(02)953-5612,월-일 런치뷔페 11:00 ~ 16:00 / 술 16:00 ~ 01:00 ,X,X,O,,,,,,,,,,,,,,,,,
Beer Time,술,이공후문,맥주,,,,,,,,,,,,,,,,,,,,,,,,,,,
가오가,술,이공후문,소주,,,,,,/(02)6013-7739,월-일 16:00 ~ 07:00,X,X,O,,,,,,,,,,서울특별시 성북구 인촌로24길 60,,,,,,,
상구비어,술,이공후문,맥주,,,,,,,,X,X,O,,,,,,,,,,,,,,,,,
스카이 치킨호프,술,이공후문,맥주,,,,,,(02)928-0589,월-토 18:00 ~ 02:00 / 일요일 휴무,X,O,O,,,,,,,,,,,,,,,,,
히든트랙,술,이공후문,맥주,,,,,,070-8801-9744 ,월-토 18:00 ~ 01:0 / 라스트오더 00:30 / 일 18:00 ~ 24:00,X,O,O,,,,,,대관은 안댐 / 010. 9737. 9744,,,,서울특별시 동대문구 제기동 148-20 수운빌딩 지하1층,,,http://blog.naver.com/jhj881111,,,,
24시간 스터디카페,카페,이공후문,커피,,,조용히할일,,,/010-3341-3320,월-일 00:00 ~ 24:00,X,X,X,,,,,,,,,,서울특별시 성북구 안암로 69-1,,,,,,,
CAF? DE GOUTIER,카페,이공후문,커피,,,테이크아웃,,,/(02)928-2218,월-금 08:30 ~ 23:00 / 10:00 ~ 23:30,,,,,,,,,,,,,서울특별시 성북구 안암로 69-1,,,,,,,
Juicy Bean,카페,이공후문,주스,,,테이크아웃,,,(02)6012-7231,,,,,,,,,,,,,,,,,,,,,
The ROASTING,카페,이공후문,커피,,,?,,,(02)928-0401,,,,,,,,,,,,,,,,,,,,,
공린가,카페,이공후문,커피,,,?,,,/(02)924-9290,월-일 10:00 ~ 24:00 / 연중무휴,,,,,,,,,,,,,서울특별시 성북구 안암로 71,,,,,,,
그리다 꿈,카페,이공후문,커피/주스,,,테이크아웃,,,/(02)929-8621,월-금 08:30 ~ 22:00 / 토-일 10:00 ~ 21:00,,,,,,,,,,,,,서울특별시 성북구 인촌로24길 56,,,,,,,
라떼킹,카페,이공후문,커피,,,,,,/(02)927-3449,월-토 08:00 ~ 23:00,,,,,,,,,,,,,서울특별시 성북구 안암로 69,,,,,,,
빈올로지,카페,이공후문,커피,,,?,,,/(02)929-8536,월-일 09:00 ~ 22:00,,,,,,,,,,,,,서울특별시 성북구 안암로9가길 93,,,http://miree1216.blog.me/220672363203?Redirect=Log&from=postView,,,,
소울키친,카페,이공후문,커피,,,조용히할일,,,(02)924-4168,,,,,,,,,,,,,,,,,,,,,
엘가,카페,이공후문,커피/빙과,,,?,,,/(02)927-3777,월-일 09:00 ~ 24:00 / 연중무휴,,,,,,,,,,,,,서울특별시 동대문구 약령시로 6,,,,,,,
커피 그루나루,카페,이공후문,커피,,,,,,(02)921-0704 ,월-일 09:00 ~ 24:00,,,,,,,,,,,,,서울특별시 성북구 안암동5가 104-291,,,,,,,
커피 프로젝트,카페,이공후문,커피,,,?,,,/(02)922-0983,월-일 08:30 ~ 22:30 / 토 10:00 ~ 22:30 / 일 10:00 ~ 21:00,,,,,,,,,,,,,서울특별시 동대문구 약령시로 12-1,,,,,,,
하이소,카페,이공후문,커피,,,,,,/(02)925-7115,월-금 08:00 ~ 24:00 / 일 09:00 ~ 24:00 / 연중무휴,,,,,,,,,,,,,서울특별시 동대문구 약령시로 5-1 아이리스빌딩,,,,,,,
할리스커피,카페,이공후문,커피,,,조용히할일/대화와만남,,,/(02)922-2877,월-일 24시간 / 연중무휴,,,,,,,,,예약에 한해서 24시간 가능,,,,서울특별시 성북구 인촌로24길 56,,,,,,,
정만,까페,정대후문,커피/빙과,,,,,,010-2797-9677 ,월-토  10:30 - 22:00 / 일요일 휴무,,,,,,,,,,,,,서울특별시 성북구 개운사길 56,,,,,,,
The C,밥,정대후문,중식,작은사치,,,,,/(02)928-1259,월-일 11:00 ~ 21:00,X,X,O,,,,,,,,,,서울특별시 성북구 개운사길 8 타이거빌딩,,,http://blog.naver.com/fjakgh/220339965824,,,,
겐로쿠 우동,밥,정대후문,일식,,,,,,/(02)929-8545,"월-금,일 09:30 ~ 21:30 / 토요일 휴무",X,X,X,,,,,,,,,,서울특별시 성북구 인촌로27길 14,,,,,,,
경대컵밥,밥,정대후문,분식,,,,,,(02)928-0058,월-토 10:00 ~ 20:00 / 일요일 휴무,X,O,O,,,,,,,,,,,,,http://blog.naver.com/poetess72/220388378888,,,,
고른햇살,밥,정대후문,분식,긴축재정,,,,,/(02)953-3394,월-일 06:00 ~ 24:00 / 연중무휴,X,O,X,,,,,,,,,,서울특별시 성북구 개운사길 27 원영스위트,,,http://miree1216.blog.me/220721955310?Redirect=Log&from=postView,,,,
김밥천국(정대후문점),밥,정대후문,분식,,,,,,(02)923-6668,월-일 07:30 ~ 21:00 ,X,O,X,,,,,,,,,,,,,http://blog.naver.com/viano0420/220918573879 / http://blog.naver.com/jhj881111,,,,
꽌부이,밥,정대후문,기타,작은사치,,,,분짜 많이 드시러 오세요!,010-8619-7154,월-일영업 11:30am ~ 14:30 pm / 16:30pm~20:30pm(브레이크타임),X,X,X,,,,,,,,,,,,,http://tkdrua1458.blog.me/220886080509?Redirect=Log&from=postView,,,,
나주곰탕,밥,정대후문,한식,,,,,,(02)926-0879,월-일 08:30 ~ 20:00 ,X,O,O,,,,,,점심피크시간엔 예약불가 (12:00 ~ 12:30),,,,,,,http://blog.naver.com/jhj881111,,,,
닭굽는신,밥,정대후문,한식,,,,,,(02)966-9112/010-3951-8527,,X,X,O,,,,,,,,,,서울특별시 성북구 인촌로27길 17 2층,,,,,,,
더진국,밥,정대후문,한식,,,,,,010-2762-8309 / (02)924-9982,24시간 운영 (일21:00pm~월10:00am제외),X,O,O,,,,,,"좌석수 50석. 이벤트, 메뉴, 음식판, 한마디 자료는 사장님께서 주심",,,,서울특별시 성북구 인촌로27길 24-2,,,http://tkdrua1458.blog.me/220874385778?Redirect=Log&from=postView,,,,
도스마스,밥,정대후문,기타,긴축재정,,,,,/(02)924-1800,월-일 09:30 ~ 23:00,X,O,O,,,,,,,,,,서울특별시 성북구 개운사길 28,,,http://blog.naver.com/fjakgh?Redirect=Log&logNo=220333862482&from=postView,,,,
돈까스하우스,밥,정대후문,일식,,,,,,010-8546-7771,월-금 10:30am ~ 21:00pm 토?공휴일 11:00am~19:00pm 일요일 휴무 / 방학 때는 토?일 휴무,X,O,X,,,,,,"2월부터 메뉴 구성 변동예정, 2/15 이후",,,,,,,http://blog.naver.com/lyunmi94/220884316547,,,,
동우설렁탕,밥,정대후문,한식,,,,,,/(02)926-5243,월-일 10:00 ~ 22:00 / 명절 휴무,X,O,O,,,,,,,,,,서울특별시 성북구 개운사길 45,,,http://blog.naver.com/fjakgh?Redirect=Log&logNo=220302882694&from=postView,,,,
등촌샤브칼국수,밥,정대후문,한식,작은사치,,,,,/(02)927-7787,월-일 10:00 ~ 22:00,X,O,X,,,,,,,,,,서울특별시 성북구 개운사길 11,,,http://blog.naver.com/viano0420/220910897501,,,,
떡뽀이,밥,정대후문,분식,,,,,,/(02)988-1472,월-일 10:00 ~ 24:00,X,O,X,,,,,,사장님 1/3 8:00pm,,,,서울특별시 성북구 개운사길 22-6,,,http://blog.naver.com/viano0420/220899550436,,,,
또와또,밥,정대후문,분식,작은사치,,,,,070-8153-6117,월-토 10:00 ~ 22:00 / 일요일 휴무,X,X,O,,,,,,1월 말 사장님 바뀜 ㅠㅠ,,,,서울특별시 성북구 인촌로27길 24-1,,,http://blog.naver.com/viano0420/220890091888,,,,
르구떼,밥,정대후문,양식,,,,,,(02)926-9262,월-토 11:00 ~ 21:00 / 일요일 휴무,O,O,O,,,,,,,,,,,,,,,,,
마루 돼지불고기,밥,정대후문,한식,,,,,,070-7563-9150,월-토 10:30 ~ 09:00 / 일요일 휴무,O,O,O,,,,,,배달/포장은 생고기/익힌고기 둘다 가능,,,,,,,http://blog.naver.com/go7sun/220628348192 / http://blog.naver.com/p_radn/90183545388,,,,
만두방,밥,정대후문,분식,긴축재정,,,,,(02)926-0686,월-금 10:00 21:00 / 토 10:00 ~ 18:00 / 일요일 휴무,X,O,X,,,,,,,,,,서울특별시 성북구 인촌로87,,,,,,,
매스플레이트,밥,정대후문,양식,작은사치,,,,,010-5684-4484,월-일 11:00 ~ 22:00 / 라스트오더 20:30 / 브레이크타임 15:00 ~ 16:30,X,X,O,,,,,,,,,,서울특별시 성북구 개운사길 18 2층,,,http://blog.naver.com/f2225800/220694578409,,,,
매콤돈까스 칡불냉면,밥,정대후문,일식,,,,,,(02)928-1116,월-금 10:30 ~21:00 / 토 10:30 ~ 20:00 / 일요일 휴무,X,O,O,,,,,,8시 이후,,,,,,,http://blog.naver.com/viano0420/220922123463 / http://miree1216.blog.me/220756688714?Redirect=Log&from=postView,,,,
멘부리,밥,정대후문,일식,,,,,,/(02)926-5615,월-일  09:30 ~ 21:00 / 라스트오더 20:20,X,O,O,,,,,,,,,,서울특별시 성북구 개운사길 22-4,,,,,,,
母心,밥,정대후문,한식,작은사치,,,,,/(02)924-5551,월-일 10:30 ~ 21:30 / 연중무휴,X,X,O,,,,,,,,,,서울특별시 성북구 개운사길 8 타이거빌딩,,,,,,,
무등산참숯갈비,밥,정대후문,고기,,,,,,010-3377-4095 / (02)925-0061,매일 10:00~20:00,X,O,O,,,,,,"저녁 교수,대학원생들 단체 식사 위주 영업방식이라 개인손님을 반기지는 않음.120석. ",,,,서울특별시 성북구 개운사길 15,,,,,,,
무아국수집,밥,정대후문,한식,,,,,,/(02)927-7050,월-일 11:00 ~ 01:00 / 명절 휴무,X,O,X,,,,,,,,,,서울특별시 성북구 개운사길 21,,,http://blog.naver.com/fjakgh?Redirect=Log&logNo=220395637287&from=postView,,,,
박셰프의 스끼야끼,밥,정대후문,일식,,,,,,(02)953-2701,,X,X,O,,,,,,,,,,,,,http://blog.naver.com/lovelyvelvet/220890927868,,,,
봉구스밥버거,밥,정대후문,한식,긴축재정,,,,,/(02)928-4420,월-일 09:00 ~ 21:00,X,O,X,,,,,,,,,,서울특별시 성북구 인촌로 101,,,,,,,
부산아지매국밥,밥,정대후문,한식,,,,,,/(02)929-9882,월-일 09:00 ~ 21:00,X,O,O,,,,,,,,,,서울특별시 성북구 개운사길 5 세한빌딩 2층,,,http://blog.naver.com/sujinoh48/220571128802,,,,
분식의 신,밥,정대후문,분식,긴축재정,,,,,,,X,O,X,,,,,,,,,,서울특별시 성북구 인촌로 지하89,,,http://blog.naver.com/fjakgh/220320279291,,,,
비야(고대본점),밥,정대후문,한식,,,,,,/(02)923-6070,월-일 11:00 ~ 21:00 / 연중무휴,X,X,O,,,,,,,,,,서울특별시 성북구 개운사길 22-3,,,http://blog.naver.com/sujinoh48/220746408505,,,,
비야(도스마스 옆),밥,정대후문,한식,,,,,,/(02)923-6070,월-일 11:00 ~ 21:00 / 연중무휴,X,X,O,,,,,,,,,,,,,,,,,
샐러데이,밥,정대후문,기타,무난보통,,,,,/(02)6093-5449,월-토 11:00 ~ 20:00,X,O,X,,,,,,사장님 1/3 12:00 이후 ,,,,서울특별시 성북구 개운사길 45,,,,,,,
서울쌈냉면,밥,정대후문,분식/한식,,,,,,/(02)929-4610,월-일 10:00 ~ 20:30,X,O,O,,,,,,,,,,서울특별시 성북구 개운사길 21-4,,,,,,,
설성번개반점,밥,정대후문,중식,,,,,,/(02)922-1150,월-일 10:00 ~ 21:30,O,O,O,,,,,,,,,,서울특별시 성북구 인촌로27길 6,,,http://blog.naver.com/6281cyh/220304272551,,,,
수오재,밥,정대후문,한식,,,,,,(02)928-2824 ,월-일 10:30 ~ 21:30 ~ ,X,O,O,,,,,,,,,,서울특별시 성북구 인촌로27길 3,,,,,,,
스시 TORO,밥,정대후문,일식,,,,,,/(02)929-3538,,,,,,,,,,,,,,,,,,,,,
신의주찹쌀순대,밥,정대후문,한식,,,,,,(02)953-6001,월-일 09:00 ~ 21:00,X,O,O,,,,,,,,,,,,,http://blog.naver.com/viano0420/220909833816,,,,
썬더치킨,밥,정대후문,치킨,,,,,,(02)921-5022,월-일 16:00 ~ 02:00,X,O,O,,,,,,,,,,,,,http://blog.naver.com/viano0420/220909833816,,,,
아임찜닭,밥,정대후문,한식,,,,,한국 전통 맛을 살린 찜닭입니다,010-4400-3742 / (02)929-9297,"10:30~21:30, 일요일 휴무",O,O,O,,,,,,연락 후 2~3시경 사진 촬영 허락 ok,,,,서울특별시 성북구 개운사길 22-6,,,,,,,
안암밥집,밥,정대후문,한식,,,,,엄마의 마음으로 해준 밥집입니다.,010-8891-6182,월-토 10:00 ~ 20:00,X,X,O,,,,,,"안암동김밥이라고 되어 있지만 밥집으로 적어달라고 하심, 가정식 백반하는 곳이고 밥집이라고 올려달라. 운영 시간 달라도 불켜져있을 땐 학생들 오기만 하면 밥준다. 12시는 현장 사람들이 많으니 12:30 이후로 와달라.  ",,,,,,,,,,,
알촌,밥,정대후문,한식,부담없게,,,,,/(02)929-3567,월-일 09:00 ~ 21:00 / 연중무휴,X,X,X,,,,,,,,,,서울특별시 성북구 인촌로27길 20,,,,,,,
어부삼대,밥,정대후문,한식,,,,,,/(02)929-5522,월-일 10:00 ~ 20:00,X,X,O,,,,,,,,,,서울특별시 성북구 개운사길 19 만석가 빌딩,,,http://blog.naver.com/lyunmi94/220220850578 / http://minheecool.blog.me/110151190256?Redirect=Log&from=postView,,,,
엄마손식당,밥,정대후문,한식,,,,,,010-7133-0094 / (02)953-2279,매일 10:00~21:00 / 방학엔 토요일 휴무,X,O,O,,,,,,"일요일 2시에 단체식사하러 옴, 그 이전에 촬영ok (1:40pm)",,,,,,,,,,,
옛날수제왕돈까스,밥,정대후문,일식,,,,,,070-4212-3079,월-일 11:30 ~ 20:30,X,O,O,,,,,,,,,,서울특별시 성북구 인촌로27길 9,,,,,,,
옥두헌 순두부,밥,정대후문,한식,,,,,,/(02)928-2855,월-일 07:00 ~ 22:00,X,O,O,,,,,,,,,,서울특별시 성북구 개운사길 18 淸坪,,,http://blog.naver.com/jhj881111,,,,
용초수,밥,정대후문,중식,,,,,,/(02)922-7991,매일 10:40~21:00 / 매 월 첫째?셋째 토요일 / 명절 휴무,X,O,X,,,,,,,,,,서울특별시 성북구 인촌로27길 20,,,http://blog.naver.com/f2225800/220667411693,,,,
용초수만두,밥,정대후문,중식,부담없게,,,,저렴하고 맛있는 곳,010-5599-7168,매일 10:40~21:00 / 매 월 첫째?셋째 토요일 / 명절 휴무,X,O,X,,,,,,네이버 사진 가져오기(사장님 동의 ㅇ),,,,,,,http://blog.naver.com/lyunmi94/220834714153 / http://blog.naver.com/p_radn/220658949889,,,,
원조 닭한마리,밥,정대후문,한식,,,,,,(02)925-8874,월-일 10:00 ~ 22:00,X,X,O,,,,,,,,,,,,,,,,,
육개장 갈비탕,밥,정대후문,한식,,,,,,,,X,O,O,,,,,,,,,,서울특별시 성북구 안암동5가 12-70,,,http://tkdrua1458.blog.me/220879264372?Redirect=Log&from=postView,,,,
일미옥,밥,정대후문,중식,,,,,,/(02)929-7889,"월-일 09:00 ~ 22:00 / 둘째, 넷째 토 휴일",X,O,O,,,,,,,,,,서울특별시 성북구 개운사길 22-6,,,http://blog.naver.com/p_radn?Redirect=Log&logNo=220048162476&from=postView,,,,
절대분식,밥,정대후문,분식,작은사치,,,,,010-4005-2502,월-금 11:00~21:00 / 토 11:00~18:00 / 일요일 휴무 / 공휴일은 그 때 그 때 다름,X,O,O,,,,,,"2월에 메뉴&가격 변동있으 2월 이후 연락하고 사진 촬영, 3~5시",,,,서울특별시 성북구 인촌로27길 15,,,http://blog.naver.com/viano0420/220903039748,,,,
철판남매(정대후문점),밥,정대후문,한식,,,,,,/(02)927-4837,월-일 11:00 ~ 22:00,X,O,O,,,,,,,,,,서울특별시 성북구 개운사길 22-5,,,http://minheecool.blog.me/220175141773?Redirect=Log&from=postView,,,,
청석골뼈다귀,밥,정대후문,한식,,,,,,/(02)929-2667,월-일 24시간,X,X,X,,,,,,,,,,서울특별시 성북구 인촌로27길 13,,,http://blog.naver.com/lyunmi94/220924657229,,,,
춘천골닭갈비,밥,정대후문,한식/고기,,,,,,/(02)929-7678,월-일 09:00 ~ 22:00,X,O,O,,,,,,5시 이후,,,,서울특별시 성북구 인촌로27길 19,,,,,,,
치즈를 사랑한 찜닭,밥,정대후문,한식,,,,,,(02)929-2007,월-일 10:00 ~ 21:30 / ,O,O,O,,,,,,배달은 21:45분까지,,,,,,,http://blog.naver.com/fjakgh/220268389600,,,,
케밥집,밥,정대후문,기타,,,,,,,,,,,,,,,,,,,,,,,,,,,
탄,밥,정대후문,일식,,,,,,/(02)555-5977,월-금 1000 ~ 20:30 / 토-일 10:00 ~ 20:30,X,O,O,,,,,,,,,,서울특별시 성북구 인촌로27길 25,,,,,,,
토담,밥,정대후문,한식,,,,,,/(02)3291-0600,월-토 10:30 ~ 20:30 / 일요일 휴무,X,O,O,,,,,,,,,,서울특별시 성북구 인촌로27길 14-4,,,,,,,
파파스샐러드,밥,정대후문,기타,,,,,,010-6354-8953,월-토 09:00 ~ 21:00 / 일요일 휴무,X,O,X,,,,,,,,,,서울특별시 성북구 인촌로 101 2층,,,http://blog.naver.com/go7sun/220552640389,,,,
하노이별,밥,정대후문,기타,,,,,,/(02)953-7470,월-일 10:30 ~ 21:30,X,O,O,,,,,,,,,,서울특별시 성북구 개운사길 5 세한빌딩,,,http://blog.naver.com/sujinoh48/220803317537,,,,
하이솟대,밥,정대후문,한식,작은사치,,,,,/(02)926-1472,월-일 10:00 ~ 22:30,X,X,O,,,,,,,,,,서울특별시 성북구 개운사길 42-3,,,,,,,
한솥도시락(정후),밥,정대후문,한식,부담없게,,,,,/(02)927-5832,월-금 07:00 ~ 22:00 / 토-일 07:00 ~ 21:00,X,O,X,,,,,,,,,,서울특별시 성북구 개운사길 22-2 상희빌딩,,,http://blog.naver.com/go7sun/220770484721,,,,
화덕피자주는 부대찌개,밥,정대후문,한식,작은사치,,,,,(02)921-2457,월-금 11:00  ~ 10:00 / 토 11:00 ~ 20:30 ,X,X,O,,,,,,,,,,,,,,,,,
후문식당,밥,정대후문,한식,,,,,,/(02)927-2933,월-토 07:00 ~ 21:00 / 일요일 휴무,X,O,X,,,,,,,,,,서울특별시 성북구 인촌로27길 14-4,,,,,,,
A Person,밥/술,정대후문,양식/맥주,,,,,,/(02)929-0613,평일 11:00 ~ 24:00 / 토요일 11:00 ~ 24:00 / 일요일 17:00 ~ 23:00,X,X,O,,,,,O,,,,,서울특별시 성북구 개운사길 2 지하1층,,,,,,,
정상호프,밥/술,정대후문,양식/맥주,,,,,,/(02)921-4284,월 -토 11:00 ~ 19:00 / 일요일 휴무,X,X,X,,,,,,,,,,서울특별시 성북구 개운사길 2,,,http://blog.naver.com/p_radn/90188155656,,,,
주유소(2층),밥/술,정대후문,일식/맥주,,,,,,070-8743-3252,월-일 11:00 ~ 02:00 / 식사 라스트오더 20:00,X,X,O,,,,,,6시 이후,,,,서울특별시 성북구 인촌로27길 19,,,http://miree1216.blog.me/220670354249?Redirect=Log&from=postView,,,,
주유소(지하),밥/술,정대후문,일식/맥주,,,,,,/(02)927-0792,매일 09:00 ~ 21:00,X,X,O,,,,,,,,,,서울특별시 성북구 인촌로27길 24-2,,,http://minheecool.blog.me/220547818618?Redirect=Log&from=postView,,,,
BUBBLE,술,정대후문,양주,,,,,,/(02)924-4325,월-목 17:00 ~ 03:00 / 금 17:00 ~ 04:00 / 토 17:00 ~ 04:00,,,,,,,,,,,,,서울특별시 성북구 인촌로 103,,,http://blog.naver.com/fjakgh?Redirect=Log&logNo=220333851104&from=postView,,,,
LOFT,술,정대후문,와인/양주,,,,,,(02)925-4686,,,,,,,,,,,,,,,,,,,,,
거품,술,정대후문,맥주,,,,,,,,,,,,,,,,,,,,,,,,,,,
마르니,술,정대후문,양주/와인,,,,,,,,,,,,,,,,,,,,서울특별시 성북구 인촌로27길 5,,,,,,,
유객주,술,정대후문,소주,,,,,,(02)924-1638 ,월-일 18:00 ~ 02:00 ,,,,,,,,,,,,,서울특별시 성북구 개운사길 8 타이거빌딩,,,,,,,
103 Express,카페,정대후문,커피,,,테이크아웃,,,/(02)922-2103,월-금 08:00 ~ 20:00 / 토-일 10:00 ~ 18:00,,,,,,,,,,,,,서울특별시 성북구 개운사길 22-6,,,,,,,
14gram,카페,정대후문,커피,,,테이크아웃,,,/(02)922-3639,월-금 08:00 ~ 19:00,,,,,,,,,,,,,서울특별시 성북구 안암동5가 100-1,,,,,,,
Caf? B1,카페,정대후문,커피,,,조용히할일/대화와만남,,,/(02)925-5544,월-금 13:00 ~ 23:00 / 일 13:00 ~ 22:00 / 토요일 휴무,,,,,,,,,,,,,서울특별시 성북구 인촌로27길 25,,,,,,,
Caf? C,카페,정대후문,커피,,,테이크아웃,,,(02)925-0831,월-금 08:00 ~ 21:00 / 토-일 09:00 ~ 21:00,,,,,,,,,,,,,,,,,,,,
GOOD NEWS,카페,정대후문,커피,,,대화와만남,,,없음 / 010-7670-0059,월-일 10:30 ~ 22:30,,,,,,,,,,,,,,,,,,,,
MIN TEA,카페,정대후문,차,,,대화와만남,,,/((02)928-0513,"월-금 08:00 ~ 22:00 / 토-일, 공휴일 11:00 ~ 22:00",,,,,,,,,,,,,서울특별시 성북구 개운사길 21-3 1층,,,,,,,
SWEET CAF?,카페,정대후문,커피,,,테이크아웃,,,(02)953-0990,,,,,,,,,,,,,,,,,,,,,
나이茶,카페,정대후문,차,,,테이크아웃,,,,,,,,,,,,,,,,,,,,,,,,
나인헤르츠,카페,정대후문,커피,,,대화와만남,,,없음,월-금 09:00 ~ 24:00 / 토-일 11:00 ~ 23:00,,,,,,,,,,,,,,,,http://minheecool.blog.me/220923274185?Redirect=Log&from=postView,,,,
놀숲,카페,정대후문,커피,,,대화와만남,,,(02)921-7942,월-일 10:00 ~ 02:00,,,,,,,,,,,,,서울특별시 성북구 안암동5가 101-3 4층,,,,,,,
달콤,카페,정대후문,커피,,,,,,,,,,,,,,,,,,,,,,,,,,,
달팽이,카페,정대후문,커피,,,,,,,,,,,,,,,,,,,,,,,,,,,
더 힐링,카페,정대후문,커피,,,대화와만남,,,(02)6014-2000,,,,,,,,,,,,,,서울특별시 성북구 개운사길 22-2 상희빌딩,,,,,,,
더베리와플,카페,정대후문,제과,,,테이크아웃,,,010-3088-7899,월-토 11:00 ~ 20:00 / 일요일 휴무,,,,,,,,,,,,,,,,http://blog.naver.com/f2225800/220723783640,,,,
더스터디,카페,정대후문,커피,,,조용히할일,,,/(02)925-2225,월-일 10:00 ~ 24:00,,,,,,,,,,,,,서울특별시 성북구 개운사길 5 세한빌딩 4층,,,,,,,
디어브레드,카페,정대후문,제과,,,테이크아웃,,,070-7661-4129,월-토 10:30 ~ 18:00 ,,,,,,,,,,,,,서울특별시 성북구 개운사1길 29,,,http://blog.naver.com/go7sun/220614790020,,,,
레쓰이즈모어,카페,정대후문,커피,,,대화와만남,,,(02)3291-0045,월-일 09:00 ~ 24:00,,,,,,,,,,,,,,,,,,,,
보헤미안,카페,정대후문,커피,,,대화와만남,,,/(02)927-7949,월-금 12:00 ~ 17:00 / 토-일 휴무,,,,,,,,,,,,,서울특별시 성북구 개운사길 22-3,,,,,,,
빈트리,카페,정대후문,커피,,,대화와만남,,,(02)972-0405,월-금 08:00 ~ 11:00 / 토-일 10:00 ~ 11:00,,,,,,,,,,,,,,,,,,,,
빽다방,카페,정대후문,커피,,,테이크아웃,,,/(02)925-3246,월-금 08:00 ~ 21:00 / 토-일 09:00 ~ 20:00  ,,,,,,,,,,,,,서울특별시 성북구 인촌로27길 6,,,http://blog.naver.com/skswldldia?Redirect=Log&logNo=220771401503&from=postView,,,,
아눅,카페,정대후문,커피/브런치,,,대화와만남,,,(02)922-5036,"월-금 10:30 ~ 23:30 / 토-일, 공휴일 10:30 ~ 23:00",,,,,,,,,,,,,서울특별시 성북구 개운사길 52,,,http://blog.naver.com/1nelove/30187410002,,,,
아임빈,카페,정대후문,커피,,,대화와만남,,,/(02)925-1382,월-토 11:00 ~ 23:00 / 일요일 휴무,,,,,,,,,,,,,서울특별시 성북구 개운사길 57-3,,,,,,,
이디야커피,카페,정대후문,커피,,,대화와만남,,,(02)953-7323,"월-금 08:00 ~ 24:00 / 토-일, 공휴일 09:00 ~ 24:00",,,,,,,,,,,,,서울특별시 성북구 개운사길 30,,,,,,,
카카오츄로,카페,정대후문,제과,,,테이크아웃,,,/(02)929-7222,월-금 08:00 ~ 23:00 / 토 11:30 ~ 23:00 / 일요일 휴무 / 명절당일 휴무,,,,,,,,,,,,,서울특별시 성북구 인촌로27길 15,,,,,,,
커피나무,카페,정대후문,커피,,,대화와만남,,,(02)953-1391 ,월-금 08:00 ~ 22:20 / 토-일 09:00 ~ 22:20,,,,,,,,,,,,,서울특별시 성북구 개운사길 31 코원빌딩,,,http://blog.naver.com/viano0420/220888520204,,,,
커피빈(정대후문점),카페,정대후문,커피,,,대화와만남,,,/(02)953-6652,월-일 10:00 ~ 24:00,,,,,,,,,,,,,서울특별시 성북구 개운사길 8 타이거빌딩,,,,,,,
하이픈,카페,정대후문,브런치,,,대화와만남,,,/(02)926-2229,월-토 10:30 ~ 22:00 / 일요일 휴무,,,,,,,,,,,,,서울특별시 성북구 인촌로 117,,,,,,,
핸썸 베이글,카페,정대후문,제과,,,테이크아웃,,,/(02)6449-1505,월-토 09:00 ~ 19:00 / 일요일 휴무,,,,,,,,,,,,,서울특별시 성북구 개운사1길 23,,,http://blog.naver.com/mippeumi/220906672353,,,,
BHC치킨,밥,정문,치킨,,,,,,/(02)925-2100,월-일 11: 00 ~ 01:00 / 라스트오더 00:40,,,,,,,,,,,,,,,,,,,,
Caf? Cook,밥,정문,양식,,,,,,(02)953-4494,월-금 11:00 ~ 22:00 / 토 11:00 ~ 21:00,X,O,X,,,,,,,,,,,,,,,,,
거북이 식당,밥,정문,한식,,,,,,,,,,,,,,,,,,,,,,,,,,,
고대다횟집,밥,정문,기타,,,,,,(02)922-3259,월-토 16:00 ~ 01:00 / 일요일 휴무,X,O,O,,,,,,,,,,,,,http://blog.naver.com/hajung0716/220925233332,,,,
고래돈가스,밥,정문,일식,,,,,,/(02)953-6592,월-일 09:30 ~ 21:30,X,X,O,,,,,,,,,,서울특별시 동대문구 안암로 154,,,http://blog.naver.com/p_radn?Redirect=Log&logNo=220023856073&from=postView,,,,
고려식촌,밥,정문,중식,,,,,,(02)923-0688,,,,,,,,,,,,,,,,,,,,,
고씨네,밥,정문,일식,,,,,,/(02)924-1801,월-일 11:30 ~ 20:30 / 연중무휴,X,O,O,,,,,,,,,,서울특별시 동대문구 안암로 158-1 1층,,,,,,,
골목국수,밥,정문,한식,,,,,,(02)929-2772,월-금 09:00 ~ 15:00,,,,,,,,,,,,,서울특별시 동대문구 제기로5길 36,,,,,,,
광주식당,밥,정문,한식,,,,,,/(02)929-5582,,X,X,O,,,,,,,,,,서울특별시 동대문구 제기로5길 35,,,http://blog.naver.com/jhj881111,,,,
교촌치킨,밥,정문,치킨,,,,,,/(02)923-3363,월-일 12:00 ~ 01:30 / 연중무휴,,,,,,,,,,,,,서울특별시 동대문구 안암로 158-1,,,,,,,
국수사랑,밥,정문,분식/한식,,,,,,(02)929-3002,월-토 10:30 ~ 20:30 / 일요일 휴무,X,O,X,,,,,,,,,,,,,http://blog.naver.com/jhj881111,,,,
국시랑,밥,정문,분식,,,,,,(02)6369-8767,월-일 11:00 ~ 22:00 ,X,O,O,,,,,,4인분 이상 근거리 배달 가능,,,,,,,,,,,
금복식당,밥,정문,한식,,,,,,/(02)923-7844,"월-일 10:00 ~ 21:00 / 연중무휴, 단 명절 휴무",X,X,X,,,,,,,,,,서울특별시 동대문구 안암로20길 16,,,http://blog.naver.com/p_radn?Redirect=Log&logNo=220131824567&from=postView,,,,
꿀돼지 석쇠구이,밥,정문,고기,,,,,,,,,,,,,,,,,,,,,,,,,,,
나그네파전,밥,정문,한식/막걸리,,,,,,/(02)926-9077,월-일 16:00 ~ 22:30,X,O,X,,,,,,,,,,서울특별시 동대문구 제기로 9-3,,,,,,,
다손김밥,밥,정문,분식,,,,,,/(02)928-7078,월-금 11:00 ~ 20:30 / 토-일 휴무,X,O,X,,,,,,,,,,서울특별시 동대문구 안암로 148-1,,,,,,,
닭곰탕칼국수,밥,정문,한식,,,,,,070-7817-9976,,,,,,,,,,,,,,서울특별시 동대문구 제기로5길 35,,,,,,,
동네아저씨치킨,밥,정문,치킨,,,,,,/(02)927-3277,월-일 11:00 ~ 02:00,X,X,X,,,,,,,,,,서울특별시 동대문구 안암로24길 4,,,,,,,
동대문곱창,밥,정문,고기,,,,,,(02)928-0709,,X,O,O,,,,,,,,,,,,,http://blog.naver.com/jhj881111,,,,
동원김밥분식,밥,정문,분식,,,,,,(02)925-8110,,X,O,X,,,,,,,,,,,,,,,,,
뚱땡이,밥,정문,한식,,,,,,/(02)953-1051,워,,,,,,,,,,,,,서울특별시 동대문구 안암로22길 9,,,,,,,
류 두번째 이야기,밥,정문,분식,,,,,,010-2983-0021,,,,,,,,,,,,,,,,,,,,,
멕시카나,밥,정문,치킨,,,,,,050-4457-9237,월-일 14:00 ~ 02:00 / 연중무휴,X,O,X,,,,,,,,,,서울특별시 동대문구 제기로 15,,,,,,,
미당,밥,정문,기타,,,,,,/(02)929-4737,월-일 17:00 ~ 02:00,,,,,,,,,,,,,서울특별시 동대문구 제기로 9-6,,,,,,,
바글바글돈가스,밥,정문,일식,,,,,,(02)928-6674,,X,X,X,,,,,,,,,,,,,,,,,
비나,밥,정문,기타,,,,,,(02)926-5860,,,,,,,,,,,,,,,,,,,,,
서울감자탕해장국,밥,정문,한식,,,,,,(02)926-2683,,X,O,O,,,,,,,,,,,,,,,,,
스시정,밥,정문,일식,,,,,,010-7168-3687,월-토 11:00 ~ 20:00 / 일요일 휴무,X,O,O,,,,,,,,,,서울특별시 동대문구 제기로5길 38,,,,,,,
예손,밥,정문,한식,,,,,,/(02)921-5435,월-토 10:00 ~ 21:00 / 일요일 휴무,X,O,O,,,,,,,,,,서울특별시 동대문구 안암로22길 5,,,,,,,
옐로우 피자,밥,정문,양식,,,,,,050-7982-5602,월-금 11:30 ~ 02:30 / 일 11:30 ~ 23:30,X,O,X,,,,,,,,,,,,,,,,,
원조공갈빵,밥,정문,양식,,,,,,(02)924-9319,월-일 09:00 ~ 20:00 ,X,O,X,,,,,,,,,,,,,,,,,
원조족발보쌈,밥,정문,고기,,,,,,(02)963-8901,12:00 ~ 22:00 / 둘째 넷째 일요일 휴무,O,O,O,,,,,,족발은 16시부터 가능,,,,,,,,,,,
원주통닭,밥,정문,치킨,,,,,,(02)924-9291,월-토 16:00 ~ 24:00 / 일요일 휴무,X,O,O,,,,,,,,,,,,,,,,,
육등신,밥,정문,고기,,,,,,/(02)924-2981,월-토 10:00 ~ 23:00 / 일요일 휴무,X,X,O,,,,,,,,,,서울특별시 동대문구 안암로 160,,,http://so6198.blog.me/220507151443?Redirect=Log&from=postView,,,,
이수영피자,밥,정문,양식,,,,,,/(02)943-2141,월-일 11:00 ~ 22:30,X,O,X,,,,,,,,,,서울특별시 동대문구 안암로24길 5 2층,,,http://minheecool.blog.me/220562199769?Redirect=Log&from=postView,,,,
정다래 함박스텍,밥,정문,양식,,,,,,/(02)928-7797,월-토 10:00 ~ 21:00 / 일요일 휴무,X,O,X,,,,,,,,,,서울특별시 동대문구 안암로 146-1,,,,,,,
주전부리,밥,정문,분식,,,,,,없음,,X,O,O,,,,,,,,,,,,,,,,,
중국관,밥,정문,중식,,,,,,/(02)927-9743,"월-일 11:00 ~ 19:30 / 둘째 넷째 월,일 휴무",X,O,O,,,,,,,,,,서울특별시 동대문구 제기로 22,,,http://blog.naver.com/jhj881111,,,,
최고성,밥,정문,중식,,,,,,050-7982-5483,월-토 10:00 ~ 20:30 / 일요일 휴무,O,O,O,,,,,,,,,,서울특별시 동대문구 안암로 160-1,,,http://blog.naver.com/go7sun/220637529565,,,,
치킨필레오,밥,정문,치킨,,,,,,/(02)928-9186,,X,O,O,,,,,,,,,,서울특별시 동대문구 안암로24길 4,,,,,,,
코케코코 돈부리,밥,정문,일식,,,,,,/(02)3394-8151,월-일 11:00 ~ 21:00 / 브레이크타임 15:00 ~ 17:00 / 라스트오더 20:30,X,O,X,,,,,,,,,,서울특별시 동대문구 안암로24길 5,,,http://blog.naver.com/go7sun/220695738031,,,,
큰집대학식당,밥,정문,한식,,,,,,(02)976-1232,,X,O,O,,,,,,,,,,,,,http://blog.naver.com/p_radn/220848430471,,,,
토마토도시락,밥,정문,한식,,,,,,/(02)929-8881,월-토 11:00 ~ 20:30 / 일요일 휴무,X,O,O,,,,,,,,,,서울특별시 동대문구 안암로 158,,,,,,,
튄닥 꾼닥,밥,정문,치킨,,,,,,/(02)929-2710,월-일 12:00 ~ 01:00 / 첫째 셋째 일요일 휴무 ,O,O,O,,,,,,,,,,,,,,,,,
해마루(1층),밥,정문,한식,,,,,,/(02)927-6088,,,,,,,,,,,,,,서울특별시 동대문구 제기로5길 38,,,,,,,
해마루(2층),밥,정문,한식,,,,,,(02)922-6204,,,,,,,,,,,,,,,,,http://blog.naver.com/fjakgh/220307278640,,,,
해적수산,,,,,,,,,,,,,,,,,,,,,,,,,,,,,,
호미,밥,정문,한식,,,,,,010-8761-3297,,X,X,X,,,,,,,,,,,,,,,,,
홍도夜빈대떡,밥,정문,?,,,,,,(02)953-1092,월-토 16:00 ~ 24:00 / 일요일 휴무,X,O,O,,,,,,,,,,서울 동대문구 제기동 137-144,,,http://blog.naver.com/p_radn/220048136027,,,,
류 첫번째 이야기,밥/술,정문,한식/소주,,,,,,/(02)923-9231,월-토 11:30 ~ 12:30 / 일 11:30 ~ 21:00,X,O,O,X,,,,X,,,,,서울특별시 동대문구 안암로20길 7-15,,,,,,,
미뇽,밥/카페,정문,양식/브런치,,,,,,,,X,X,X,,,,,,,,,,,,,,,,,
Biere et Frites,술,정문,맥주,,,,,,,,,,,,,,,,,,,,,,,,,,,
BUNKER,술,정문,맥주,,,,,,(02)953-3486,,,,,,,,,,,,,,서울특별시 동대문구 제기동 137-38,,,,,,,
고모집,술,정문,소주,,,,,,(02)922-7069,,,,,,,,,,,,,,,,,,,,,
안주나라,술,정문,소주,,,,,,/(02)921-9433,월-일 18:00 ~ 04:00,,,,O,,,,,,,,,서울특별시 동대문구 제기로5길 35,,,,,,,
통큰 노가리포차,술,정문,소주,,,,,,,,,,,,,,,,,,,,,,,,,,,
ZERO TO ONE COFFEE,카페,정문,커피,,,,,,(02)928-0166,,,,,,,,,,,,,,,,,,,,,
뚜이,카페,정문,커피,,,,,,/(02)929-1445,월-일 10:00 ~ 22:00 / 연중무휴,,,,,,,,,,,,,서울특별시 동대문구 안암로 162-1,,,,,,,
문뒤엔,카페,정문,커피,,,,,,(02)6010-1214,,,,,,,,,,,,,,서울특별시 동대문구 안암로 146,,,,,,,
세렌디피티,카페,정문,커피,,,조용히할일/대화와만남,,,(02)953-3878,월-일 08:00 ~ 23:00,,,,,,,,,,,,,서울특별시 동대문구 안암로 150,,,,,,,
소소한 카페,카페,정문,커피,,,테이크아웃,,,(02)929-1445,,,,,,,,,,,,,,,,,,,,,
어글리머그,카페,정문,커피,,,,,,/(02)929-3794,,,,,,,,,,,,,,서울특별시 동대문구 안암로 144,,,,,,,
카페브레송,카페,정문,커피,,,,,,070-4383-5372,월-일 10:00 ~ 23:00,,,,,,,,,,,,,서울특별시 동대문구 안암로22길 6,,,http://miree1216.blog.me/220755674676?Redirect=Log&from=postView,,,,
해머,카페,정문,커피,,,,,,010-4609-3188,월-금 08:00 ~ 21:00 / 토 12:00 ~ 20:00 / 일요일 휴무,,,,,,,,,,,,,서울특별시 동대문구 안암로 148-1,,,,,,,
59쌀피자 고대사거리점,밥,제기동,양식,,,,,,/(02)921-5982,월-일 11:00 ~ 11:00 ,X,O,O,,,,,,,,,,서울특별시 동대문구 안암로 122-1,,,,,,,
Chicken Tonkasu,밥,제기동,치킨/일식,,,,,,,,,,,,,,,,,,,,,,,,,,,
고대앞원조멸치국수,밥,제기동,분식,부담없게,,,,,/(02)953-1095,월-일 09:30 ~ 04:00,X,O,X,,,,,,,,,,서울특별시 동대문구 제기로 2,,,,,,,
김가네,밥,제기동,분식,부담없게,,,,,/(02)928-1177,월-일 08:00 ~ 21:00,X,O,X,,,,,,,,,,서울특별시 동대문구 약령시로 3,,,http://blog.naver.com/f2225800/220607723328,,,,
김밥천국(제기동),밥,제기동,분식,부담없게,,,,,(02)929-9963,,,,,,,,,,,,,,,,,http://blog.naver.com/viano0420/220902106320,,,,
닭한마리 호정,밥,제기동,한식,무난보통,,,,,(02)953-2624,월-일 10:30 ~ 23:00 / 둘째 넷째 월요일 휴무,X,O,O,,,,,,,,,,서울특별시 동대문구 안암로 18가길 32,,,,,,,
도미노피자,밥,제기동,양식,작은사치,,,,,/(02)966-3082,월-일 11:00 ~ 22:00,O,O,X,,,,,,,,,,서울특별시 동대문구 안암로 82,,,http://blog.naver.com/go7sun/220746155927,,,,
또봉이통닭,밥,제기동,치킨,부담없게,,,,,/(02)923-8005,,X,O,O,,,,,,,,,,서울특별시 동대문구 안암로 122,,,http://blog.naver.com/go7sun/220770518295,,,,
량서상사,밥,제기동,중식,,,,,,010-4938-1677,,,,,,,,,,,,,,,,,,,,,
미쳐버린 파닭,밥,제기동,치킨,무난보통,,,,,050-4109-7509,월-일 12:00 ~ 03:00,X,O,O,,,,,,,,,,서울특별시 동대문구 제기로2길 4 2층,,,,,,,
병천 순대국,밥,제기동,한식,,,,,,(02)921-5609,월-일 10:00 ~ 22:00,X,O,X,,,,,,,,,,,,,,,,,
부산식당,밥,제기동,한식,,,,,,,,,,,,,,,,,,,,,,,,,,,
불닭발땡초동대문 엽기떡볶이,밥,제기동,분식,,,,,,,,X,O,O,,,,,,,,,,,,,,,,,
삼시네끼,밥,제기동,고기,무난보통,,,,,(02)953-9295,월-금 11:00 ~ 02:00 / 토-일 17:00 ~ 02:00,X,O,O,,,,,,,,,,,,,,,,,
소문난 보배곱창,밥,제기동,고기,무난보통,,,,,(02)963-9323,"월-일 16:00 ~ 23:30 / 첫째, 셋째 일요일 휴무",X,X,O,,,,,,,,,,,,,,,,,
숯불 생고기,밥,제기동,고기,무난보통,,,,,/(02)922-8445,월-일 16:30 ~ 23:00,X,O,O,,,,,,,,,,서울특별시 동대문구 안암로 118-5,,,,,,,
신원오리,밥,제기동,고기,무난보통,,,,,(02)922-1556,월-일 10:00 ~ 22:00,X,O,O,,,,,,,,,,,,,,,,,
안암동 쪽갈비,밥,제기동,고기,무난보통,,,,,/(02)921-6414,"월-금 16:00 ~ 24:00 / 토-일, 공휴일 12:00 ~ 24:00",X,O,O,,,,,,,,,,서울특별시 동대문구 제기로2길 14,,,http://sindongyj.blog.me/220732529214?Redirect=Log&from=postView,,,,
야순네식당,밥,제기동,한식/고기,무난보통,,,,,010-2026-3196,월-토 14:00 ~ 04:00 / 일 14:00 ~ 24:00,X,O,X,,,,,,,,,,,,,,,,,
옹골진 치킨,밥,제기동,치킨,무난보통,,,,,/(02)953-1760,,X,O,O,,,,,,,,,,서울특별시 동대문구 안암로 86-1 서울제기2동 우편 취급소,,,,,,,
잭아저씨 족발&보쌈,밥,제기동,고기,작은사치,,,,,050-4111-4956,월-일 13:00 ~ 01:00 / 홀 12:30 / 배달 12:40,O,O,O,,,,,,,,,,서울특별시 동대문구 안암로 86,,,,,,,
전주식당,밥,제기동,한식,무난보통,,,,,(02)925-3343,,X,X,X,,,,,,포장시 3000원 할인,,,,,,,http://blog.naver.com/poetess72/220411139943,,,,
진미식당,밥,제기동,한식,무난보통,,,,,/(02)922-6190,월-일 11:00 ~ 22:00,X,O,X,,,,,,,,,,서울특별시 동대문구 제기로2길 8,,,,,,,
청룡분식,밥,제기동,분식,부담없게,,,,,없음,,X,O,X,,,,,,,,,,,,,http://blog.naver.com/fjakgh/220328002680,,,,
칠백집,밥,제기동,고기,무난보통,,,,,/(02)923-2600,월-일 12:00 ~ 23:00,X,O,O,,,,,,,,,,서울특별시 동대문구 약령시로 25,,,http://blog.naver.com/go7sun/220677612856,,,,
특별식당,밥,제기동,일식,무난보통,,,,,050-7369-8371,월-일 11:30 ~ 00:30 / 둘째 넷째 일요일 휴무,X,X,O,,,,,,,,,,서울특별시 동대문구 제기로2길 15 ,,,,,,,
포 하롱,밥,제기동,기타,무난보통,,,,,(02)922-1255,월-일 09:30 ~ 21:30 ,O,O,O,,,,,,배달시 딩동 어플 사용,,,,,,,,,,,
피칸테타코,밥,제기동,기타,작은사치,,,,,/(02)921-9758,월-토 11:30 ~ 21:30 / 브레이크타임 15:30 ~ 17:30 / 일요일 휴무,X,X,X,,,,,,,,,,,,,,,,,
학사호프,술,제기동,맥주,,,,,,(02)923-2306,전화삑소리남,,,,,,,,,,,,,,,,http://blog.naver.com/viano0420/220910913306,,,,
현 고대닭발,밥,제기동,기타,무난보통,,,,,/(02)923-1625,월-일 14:00 ~ 02:00 ,X,O,X,,,,,,손님없으면 1시에 닫음,,,,서울특별시 동대문구 제기로2가길 3,,,,,,,
형제떡집,밥,제기동,한식,무난보통,,,,,(02)926-8098,월-일 10:00 ~ 20:00,X,X,X,,,,,,,,,,,,,http://blog.naver.com/go7sun/220627242841,,,,
대성집,밥/술,제기동,소주/고기,,,,,,/(02)923-5877,월-일 15:00 ~ 04:00 ,X,O,O,O,,,,,,,,,서울특별시 동대문구 제기로6길 14,,,,,,,
부산집,밥/술,제기동,소주/고기,,,,,,/(02)921-7096,월-일 17:00 ~ 02:00,,,,O,,,,,,,,,서울특별시 동대문구 제기로6길 11,,,,,,,
전주집,밥/술,제기동,소주/고기,,,,,,010-9584-8689,,,,,,,,,,,,,,,,,,,,,
제기집,밥/술,제기동,소주/고기,,,,,,/(02)925-3989,월-일 18:00 ~ 01:00 ,,,,x,,,,,,,,,서울특별시 동대문구 제기로6가길 3,,,,,,,
제일집,밥/술,제기동,소주/고기,,,,,,/(02)928-9414,월-토 11:00 ~ 06:00 / 일요일 휴무,X,X,O,o,,,,,,,,,서울특별시 동대문구 안암로 98,,,http://sindongyj.blog.me/220704932774?Redirect=Log&from=postView,,,,
충주집,밥/술,제기동,소주/고기,,,,,,/(02)923-1068,월-일 16:00 ~ 04:00,,,,,,,,,,,,,서울특별시 동대문구 제기로6길 5,,,,,,,
형제집,밥/술,제기동,소주/고기,,,,,,/(02)921-3626,월-일 15:00 ~ 02:00 / 연중무휴,X,X,O,,,,,,,,,,서울특별시 동대문구 제기로6길 14-2,,,,,,,
Caf? 플로르,카페,제기동,?,,,,,,(02)923-8813,,,,,,,,,,,,,,,,,http://blog.naver.com/jhj881111/220772517245,,,,
CAF?-I,카페,제기동,커피,,,,,,/(02)927-0777,월-일 11:00 ~ 22:00,,,,,,,,,,,,,서울특별시 동대문구 제기로 10,,,,,,,
카페 다니엘,카페,제기동,커피,,,,,,070-8227-7744,월-토 10:00 ~ 22:00 / 일요일 휴무,,,,,,,,,,,,,서울특별시 동대문구 안암로 122,,,,,,,
파리바게뜨 Caf?,카페,제기동,커피/제과,,,테이크아웃/대화와만남,,,(02)927-1255,월-일 07:00 ~ 23:30,X,O,X,,,,,,,,,,서울특별시 동대문구 안암로 80,,,,,,,
TUNAS,밥,참살이,기타,작은사치,,,,,/(02)922-8989,월-토 11:30 ~ 20:00  브레이크타임 14:30 ~ 16;30 ,X,O,O,,,,,,,,,,,,,,,,,
고대고기집,밥,참살이,고기,무난보통,,,,,/(02)927-6532,월-일 11:00 ~ 02:00,X,O,O,,,,,,,,,,서울특별시 성북구 안암로 81,,,http://blog.naver.com/sujinoh48/220695285497,,,,
고대고기집 투,밥,참살이,고기,무난보통,,,,,/(02)927-6532,월-일 11:00 ~ 02:00,X,X,O,,,,,,,,,,,,,http://blog.naver.com/viano0420/220908717140 / http://blog.naver.com/euranee/220888080791,,,,
고봉민김밥인,밥,참살이,분식,작은사치,,,,,/(02)923-5087,월-일 07:30 ~ 22:30,X,O,O,,,,,,,,,,서울특별시 성북구 인촌로24길 17,,,http://blog.naver.com/love45611/220776469243,,,,
공.도나쓰,밥,참살이,기타,부담없게,,,,,010-8940-3768,,X,O,X,,,,,,,,,,,,,,,,,
김밥천국(참살이끝),밥,참살이,분식,부담없게,,,,,/(02)926-0065,월-일 24시간,X,O,X,,,,,,,,,,,,,,,,,
꽃돼지,밥,참살이,고기,무난보통,,,,"20년 전통, 옛날 그대로",/(02)927-3970,월-일 11:00 ~ 00:00 / 연중무휴,X,X,O,,,,,,,,,,서울특별시 성북구 인촌로26길 50,,,,,,,
남이네 분식,밥,참살이,한식/분식,무난보통,,,,,(02)922-5564,월-금 09:30 ~ 19:00 / 토 09:30 ~ 15:00 / 일요일 휴무 ,X,O,X,,,,,,현금 결제시 500원 할인,,,,서울특별시 안암동5가 86-112호,,,,,,,
내가 찜한 닭,밥,참살이,한식,무난보통,,,,,/(02)929-1237,월-일 10:30 ~ 22:00 / 라스트오더 21:00,X,O,X,,,,,,바쁜 시간대가 아니라면 예약 가능,,,,서울특별시 성북구 인촌로24길 32,,,http://blog.naver.com/sujinoh48/220803308415,,,,
노랑통닭 고대점,밥,참살이,치킨,무난보통,,,,,/(02)921-8282,월-일 15:30 ~ 05:00,O,O,O,,,,,,,,,,서울특별시 성북구 인촌로26길 12,,,http://blog.naver.com/jhj881111,,,,
노랑통닭(고대2호점),밥,참살이,치킨,무난보통,,,,,/(02)921-2220,월-일 15:30 ~ 05:00,O,O,O,,,,,,,,,,서울특별시 성북구 인촌로28길 12-3,,,,,,,
놀부부대찌개+뷔페,밥,참살이,한식,무난보통,,,,,/(02)923-7580,월-일 10:00 ~ 22:30 / 연중무휴,X,O,X,,,,,,,,,,서울특별시 성북구 인촌로24길 36 송곡빌딩,,,,,,,
니뽕내뽕,밥,참살이,양식,무난보통,,,,,070-7722-2848,월-일 11:00 ~ 21:20 / 라스트오더 20:50 / 명절휴무,X,O,X,,,,,,,,,,서울특별시 성북구 동소문로20길 37-19,,,http://blog.naver.com/1nelove/220786198712,,,,
닭잡는 파로,밥,참살이,치킨,무난보통,,,,,/(02)924-3124,월-토 11:30 ~ 03:00 / 일요일 16:00 ~ 03:00,X,O,O,,,,,,,,,,서울특별시 성북구 인촌로24길 3-44,,,,,,,
도네누,밥,참살이,고기,무난보통,,,,,/(02)921-8418,24시간 / 연중무휴,X,O,O,,,,,,,,,,서울특별시 성북구 인촌로24길 14,,,http://sindongyj.blog.me/220542257634?Redirect=Log&from=postView,,,,
돌돌말아,밥,참살이,양식,무난보통,,,,,070-8805-2285,월-토 11:30 ~ 22:00 / 브레이크타임 14:30 ~ 17:00 / 일요일 휴무,X,X,O,,,,,,,,,,"서울특별시 성북구 인촌로24길 61 지상 2, 3층 (안암동5가)",,,http://blog.naver.com/go7sun/220706624577,,,,
동네푸줏간,밥,참살이,고기,부담없게,,,,"생삼겹살 1인 3900원, 가성비 최고의 집",/(02)926-3604,월-일 10:00 ~ 07:00 / 연중무휴,X,O,O,,,,,,,,,,,,,http://blog.naver.com/fjakgh/220298507929,,,,
돼야지,밥,참살이,고기,무난보통,,,,,(02)953-6022,월-토 17:00 ~ 24:00 / 일요일 휴무,X,X,O,,,,,,,,,,,,,http://sindongyj.blog.me/220317017391?Redirect=Log&from=postView,,,,
두끼,밥,참살이,분식,무난보통,,,,,/(02)923-2771,월-일 11:00 ~ 21:30,X,X,O,,,,,,,,,,서울특별시 성북구 인촌로24길 55,,,http://blog.naver.com/lyunmi94/220927190297,,,,
뚝닭,밥,참살이,한식,무난보통,,,,,/(02)922-9800,월-토 11:00 ~ 22:00 / 일요일 휴무,X,O,O,,,,,,,,,,서울특별시 성북구 인촌로28길 2,,,,,,,
랍스타바다,밥,참살이,기타,무난보통,,,,,070-7773-9952,월-일 16:00 ~ 03:00,X,X,O,,,,,,,,,,서울특별시 성북구 인촌로26길 45-4,,,,,,,
레드컵스,밥,참살이,분식,무난보통,,,,,/(02)922-9918,월-토 11:00 ~ 03:00 / 일요일 휴무,X,O,X,,,,,,,,,,서울특별시 성북구 인촌로24길 61,,,http://blog.naver.com/lyunmi94/220851131608,,,,
맛닭꼬,밥,참살이,치킨,부담없게,,,,,/(02)953-5592 ,월-일 15:00 ~ 03:00 / 연중무휴,X,O,O,,,,,,,,,,서울특별시 성북구 인촌로24길 27,O,,,,,,
명랑핫도그,밥,참살이,분식,부담없게,,,,,/(02)926-5678,월-일 11:00 ~ 23:00 / 연중무휴,X,O,O,,,,,,,,,,,,,,,,,
모이리타,밥,참살이,양식,무난보통,,,,,/(02)922-2292,월-일 11:00 ~ 20:00 / 격주일 휴무,X,O,O,,,,,,학기 중 임의로 토요일 격주 휴무,,,,서울특별시 성북구 인촌로24길 20,,,,,,,
미가박당,밥,참살이,한식,,,,,,(02)924-4395,월-금 12:00 ~ 20:00 / 토-일 휴무,X,O,O,,,,,,예약은 4명 이상부터,,,,,,,,,,,
미각(안암역2번출구 2층),밥,참살이,중식,,,,,,010-5591-9999,,,,,,,,,,,,,,,,,,,,,
미각(참살이길 끝),밥,참살이,중식,작은사치,,,,,/(02)927-8858,월-일 10:00 ~ 06:00 / 연중무휴,X,O,O,,,,,,,,,,,,,,,,,
미각(참살이길 중간),밥,참살이,중식,작은사치,,,,,/(02)929-8858,월-일 11:30 ~ 01:00,X,O,O,,,,,,,,,,서울특별시 성북구 인촌로24길 15 정암빌딩,,,,,,,
미소야,밥,참살이,일식,작은사치,,,,,/(02)927-8606,월-금 11:30 ~ 22:00,X,O,O,,,,,,,,,,서울특별시 성북구 인촌로24길 51,,,,,,,
미스터국밥,밥,참살이,한식,부담없게,,,,,/(02)928-9938,24시간 / 연중무휴,X,O,O,,,,,,,,,,서울특별시 성북구 인촌로 102,,,http://blog.naver.com/lyunmi94/220890132561,,,,
바르다김선생,밥,참살이,분식,작은사치,,,,,/(02)929-1328,월-일 10:00 ~ 22:00 / 연중무휴,O,O,O,,,,,,15000원 이상 주문 시 배달 가능 ( 배달 가능 시간12:00~21:30 ),,,,서울특별시 성북구 인촌로24길 25 102-10 1층,,,http://blog.naver.com/go7sun/220669427446,,,,
반합,밥,참살이,분식,무난보통,,,,,,,X,X,O,,,,,,,,,,,,,,,,,
방콕익스프레스,밥,참살이,기타,작은사치,,,,,/(02)921-8604,월-일 11:00 ~ 22:00 / 연중무휴,X,O,O,,,,,,,,,,서울특별시 성북구 인촌로24길 31,,,http://blog.naver.com/p_radn/220856727941,,,,
배떼기곱창,밥,참살이,고기,무난보통,,,,,(02)6083-9865,,X,X,O,,,,,,,,,,,,,http://blog.naver.com/viano0420/220888731127 / 뒤에꺼 http://so6198.blog.me/220835790651?Redirect=Log&from=postView,29280683,10:00 ~ 22: 0월일,,서울특별시 성북구 안암동5가 92 4층
베나레스,밥,참살이,기타,작은사치,,,,,/(02)921-9982,월-일 11:00 ~ 21:30 / 브레이크타임 16:00 ~ 17:00 / 연중무휴,X,O,O,,,,,,,,,,서울특별시 성북구 인촌로24길 27,,,,,,,
보드람치킨,밥,참살이,치킨,무난보통,,,,,/(02)924-3392,월-일 15:00 ~ 02:00 / 연중무휴,X,O,X,,,,,,,,,,서울특별시 성북구 안암로 85,,,http://blog.naver.com/sujinoh48/220571165210,,,,
본죽,밥,참살이,한식,무난보통,,,,,/(02)921-7921,월-토 09:00 ~ 21:00 / 일 11:00 ~ 21:00 / 명절 휴무,X,O,O,,,,,,,,,,서울특별시 성북구 인촌로 90,,,,,,,
봉추찜닭,밥,참살이,한식,작은사치,,,,,/(02)922-6981,월-일 11:00 ~ 22:00,X,O,O,,,,,,,,,,서울특별시 성북구 인촌로24길 3-3,,,,,,,
북경양꼬치,밥,참살이,중식,작은사치,,,,,/(02)953-5880,월-금 12:00 ~ 03:00 / 토-일 12:00 ~ 24:00,X,X,O,,,,,,,,,,서울특별시 성북구 인촌로24길 3-36,,,http://so6198.blog.me/40109137774?Redirect=Log&from=postView / http://blog.naver.com/p_radn/90168344660,,,,
비나 2호점,밥,참살이,기타,,,,,,/(02)928-5860,월-일 11:00 ~ 22:00,X,O,O,,,,,,,,,,서울특별시 성북구 인촌로24길 3-42,,,http://blog.naver.com/go7sun/220732075484,,,,
빨간모자피자,밥,참살이,양식,작은사치,,,,,/(02)921-2687,월-일 11:00 ~ 23:00 / 연중무휴,X,O,X,,,,,,,,,,서울특별시 성북구 안암로 91,,,http://blog.naver.com/viano0420/220907943454,,,,
빨봉분식,밥,참살이,분식,무난보통,,,,, /(02)929-5281,월-금 11:00 ~ 22:00 / 토-일 12:00 ~ 22:00,X,O,O,,,,,,,,,,서울특별시 성북구 인촌로24길 35,,,http://minheecool.blog.me/220717953443?Redirect=Log&from=postView,,,,
사마리칸트,밥,참살이,기타,,,,,,/(02)929-4261,월-일 09:00 ~ 23:00 ,,,,,,,,,,,,,서울특별시 성북구 인촌로24길 31,,,,,,,
사보텐,밥,참살이,일식,작은사치,,,,,/(02)929-4510,월-일 10:00 ~ 22:00,X,O,O,,,,,,,,,,서울특별시 성북구 인촌로24길 48,,,,,,,
산적,밥,참살이,고기,무난보통,,,,,/(02)816-9438,월-일 11:00 ~ 07:00 / 방학중 월-일 14:00 ~ 03:00,X,O,O,,,,,,,,,,서울특별시 성북구 인촌로26길 51 진영빌딩,,,,,,,
삼통치킨(참살이길 입구),밥,참살이,치킨,무난보통,,,,고려대 최고 전통 치킨,/(02)927-1331,월-일 11:00 ~ 03:00,O,O,O,,,,,,80석 + 50석 규모,,,,서울특별시 성북구 인촌로 92,,,,,,,
삼통치킨(참살이길 중간),밥,참살이,치킨,무난보통,,,,,/(02)924-9922,월-일 11:00 ~ 04:00,O,O,O,,,,,,,,,,서울특별시 성북구 인촌로24길 20,,,,,,,
상호야초밥,밥,참살이,일식,부담없게,,,,,/(02)929-9282,화-일 11:30 ~ 23:30 / 월요일 휴무,O,O,O,,,,,,,,,,서울특별시 성북구 인촌로26길 51 진영빌딩,,,http://blog.naver.com/lyunmi94/220845920361,,,,
서동낙지,밥,참살이,한식,작은사치,,,,,/(02)922-6892,월-일 10:00 ~ 22:00,X,O,O,,,,,,,,,,서울특별시 성북구 인촌로24길 16,,,http://blog.naver.com/p_radn?Redirect=Log&logNo=220658912028&from=postView,,,,
서브웨이,밥,참살이,양식,작은사치,,,,,/(02)922-8413,월-일 08:00 ~ 22:00 / 명절 휴무,X,O,O,,,,,,,,,,서울특별시 성북구 인촌로 88,,,,,,,
소담식당,밥,참살이,한식,부담없게,,,,,(02)929-8340,,X,X,O,,,,,,,,,,,,,,,,,
수유리우동집,밥,참살이,분식,부담없게,,,,,/(02)928-2929,월-토 24시간 / 토 00:00 ~ 24:00 / 일요일 휴무,X,O,X,,,,,,,,,,서울특별시 성북구 인촌로 100,,,http://blog.naver.com/1nelove/220127984274,,,,
스시바,밥,참살이,일식,무난보통,,,,,/(02)925-2255,월-일 11:30 ~ 22:00 / 라스트 오더 21:00,X,O,O,,,,,,,,,,서울특별시 성북구 인촌로28길 16 안암랜드빌딩,,,,,,,
신포1971,밥,참살이,한식,무난보통,,,,,/(02)924-1971,월-일 10:00 ~ 23:00,X,O,O,,,,,,,,,,서울특별시 성북구 인촌로24길 24,,,http://blog.naver.com/go7sun/220795267256,,,,
싸움의고수,밥,참살이,한식,부담없게,,,,,/(02)921-1578,월-일 11:00 ~ 22:30,X,O,O,,,,,,,,,,서울특별시 성북구 인촌로24가길 1 1층,,,,,,,
아비꼬,밥,참살이,일식,무난보통,,,,,/(02)923-0010,월-일 11:00 ~ 22:00,X,O,O,,,,,,,,,,서울특별시 성북구 인촌로24길 47,,,,,,,
안암아줌마치킨,밥,참살이,치킨,작은사치,,,,,(02)925-0420,월-토 16:00 ~ 02:00 / 일요일 휴무,X,O,O,,,,,,,,,,,,,http://blog.naver.com/fjakgh?Redirect=Log&logNo=220290669649&from=postView,,,,
열정왕갈비,밥,참살이,고기,무난보통,,,,,/(02)6032-4949,월-일 12:00 ~ 22:00,X,X,O,,,,,,,,,,서울특별시 성북구 인촌로26길 51 진영빌딩 2층,,,,,,,
영자's 곱창,밥,참살이,고기,무난보통,,,,,070-4038-7361,"월-일 14:00 ~ 24:00 / 둘째, 넷째주 일요일 휴무",X,X,O,,,,,,,,,,서울특별시 성북구 인촌로26길 5,,,,,,,
영철버거,밥,참살이,양식,부담없게,,,,,/(02)922-1668,월-토 10:00 ~ 02:00 / 일요일 11:00 ~ 12:00,X,O,O,,,,,,,,,,서울특별시 성북구 인촌로28길 16 안암랜드빌딩 1층,,,,,,,
오샬,밥,참살이,기타,무난보통,,,,,010-4864-3644,월-일 11:30 ~ 21:30 / 연중무휴,X,X,O,,,,,,,,,,서울특별시 성북구 인촌로24길 6 문원빌딩,,,,,,,
오징어나라,밥,참살이,기타,무난보통,,,,,/(02)924-5484,월-일 17:00 ~ 05:00,X,O,O,,,,,,,,,,서울특별시 성북구 인촌로24가길 6,,,http://sindongyj.blog.me/220544457991?Redirect=Log&from=postView,,,,
오징어바다,밥,참살이,기타,무난보통,,,,,(02)927-7303,월-일 16:00 ~ 04:00 ,X,O,X,,,,,,인근은 배달가능,,,,,,,,,,,
유가네,밥,참살이,한식/고기,무난보통,,,,,/(02)922-4655,월-일 10:00 ~ 23:00 / 연중무휴,X,O,O,,,,,,,,,,서울특별시 성북구 인촌로24길 28 인화빌딩,,,http://blog.naver.com/fjakgh/220627179058,,,,
육쌈냉면,밥,참살이,한식/분식,무난보통,,,,,/(02)921-4470,월-일 10:00 ~ 21:30,X,O,O,,,,,,동절기는 금요일 휴무,,,,서울특별시 성북구 인촌로24길 6 2층,,,,,,,
육앤샤,밥,참살이,일식,작은사치,,,,,/(02)921-7796,월-금 11:30 ~ 03:00 / 토-일 17:00 ~ 03:00,X,O,O,,,,,,,,,,서울특별시 성북구 인촌로26길 38,,,http://blog.naver.com/jhj881111,,,,
은화수 식당,밥,참살이,일식,무난보통,,,,,/(02)953-7770,월-일 11:30 ~ 21:00,X,X,O,,,,,,,,,,서울특별시 성북구 안암로 77,,,http://so6198.blog.me/40188756101?Redirect=Log&from=postView / http://miree1216.blog.me/220708289975?Redirect=Log&from=postView,,,,
이가네 황소곱창,밥,참살이,고기,작은사치,,,,,(02)927-3586,월-일 17:00 ~ 01:00,X,O,O,,,,,,상황에 따라 일요일 닫기도 함,,,,서울특별시 성북구 인촌로 26길 39,,,,,,,
이번지깡통집,밥,참살이,고기,무난보통,,,,,/(02)953-9183,월-일 12:00 ~ 24:00,X,X,O,,,,,,,,,,서울특별시 성북구 인촌로26길 37,,,http://blog.naver.com/lyy197857/220617294388,,,,
이삭토스트,밥,참살이,분식/양식,부담없게,,,,,/(02)921-2248,월-금 09:00 ~ 22:00 / 토요일 휴무 / 일요일 11:00 ~ 22:00 ,O,O,O,,,,,,배달비 3000원 / 20000원 이상 주문시 배달비 무료,,,,서울특별시 성북구 인촌로24길 39,,,http://blog.naver.com/lyunmi94/220886120076,,,,
인디아팰리스,밥,참살이,기타,무난보통,,,,,/(02)929-8771,월-일 11:00 ~ 21:30,X,O,O,,,,,,,,,,서울특별시 성북구 인촌로 102,,,http://blog.naver.com/lyunmi94/220904450989,,,,
장위동 유성집,밥,참살이,고기,작은사치,,,,,(02)922-5443,월-일 11:00 ~ 23:00 / 매주 첫째 일요일 휴무,X,X,O,,,,,,,,,,,,,http://blog.naver.com/lyunmi94/220881342434 / http://blog.naver.com/sindongyj,,,,
저팔계,밥,참살이,고기,무난보통,,,,,010-2613-7851,월-일 17:00 ~ 24:00 ,X,O,O,,,,,,,,,,,,,http://blog.naver.com/sujinoh48/220803848250,,,,
전설의 짬뽕,밥,참살이,중식,무난보통,,,,,/(02)926-5533,월-일 11:00 ~ 21:00 / 명절휴무,X,O,O,,,,,,,,,,서울특별시 성북구 인촌로24길 5 2층,,,http://blog.naver.com/go7sun/220749212666 http://sindongyj.blog.me/220566337341?Redirect=Log&from=postView,,,,
전주완산골,밥,참살이,한식,무난보통,,,,,/(02)953-5311,월-토 24시간 / 일 00:00 ~ 22:00 / 월요일 9:00 ~,X,O,O,,,,,,별관 전화번호 02-922-7004,,,,서울특별시 성북구 인촌로 84,,,http://miree1216.blog.me/220666845822?Redirect=Log&from=postView,,,,
젊은 핫도그,밥,참살이,분식,부담없게,,,,,010-7576-3492,월-일 09:00 ~ 23:00 ,X,O,X,,,,,,,,,,,,,,,,,
죠스 떡볶이,밥,참살이,분식,부담없게,,,,,/(02)929-1525,월-일 11:00 ~ 22:30,O,O,O,,,,,,12000원 이상시 주문 가능 / 배달비 2000원 / 30000원 이상 주문시 배달비 무료,,,,서울특별시 성북구 인촌로24길 63,,010-8206-8168,,,,,
준호네 부대찌개,밥,참살이,한식,부담없게,,,,,/(02)924-2127,월-일 10:30 ~ 22:00,X,O,O,,,,,,,,,,서울특별시 성북구 안암동5가 104-116,,,http://blog.naver.com/xiao_d/220931627542,,,,
찌개집,밥,참살이,한식,무난보통,,,,,070-4283-9787,월-토 11:00 ~ 01:00 / 일요일 휴무,X,X,O,,,,,,,,,,서울특별시 성북구 인촌로28길 25,,,,,,,
찜앤족,밥,참살이,한식,무난보통,,,,,/(02)921-4600,월-일 10:00 ~ 23:30 / 연중무휴,X,O,O,,,,,,,,,,서울특별시 성북구 인촌로26길 42-4,,,http://blog.naver.com/viano0420/220903039748,,,,
참숯불3392,밥,참살이,고기,무난보통,,,,,/(02)926-3392,월-일 11:00 ~ 23:30,X,X,O,,,,,,,,,,서울특별시 성북구 안암로 89-5,,,,,,,
참치애난,밥,참살이,기타,무난보통,,,,,/(02)927-3782,월-일 11:30 ~ 00:30 / 연중무휴,X,O,O,,,,,,참치메뉴만 포장 가능,,,,서울특별시 성북구 인촌로 104-1,,,http://blog.naver.com/p_radn?Redirect=Log&logNo=220597838678&from=postView,,,,
초통삼,밥,참살이,고기,무난보통,,,,,/(02)6180-5518,월-일 11:00 ~ 24:00,X,X,O,,,,,,,,,,서울특별시 성북구 인촌로28길 7,,,,,,,
춘천집,밥,참살이,한식,무난보통,,,,,/(02)924-3030,월-일 12:00 ~ 23:00,X,O,O,,,,,,,,,,서울특별시 성북구 인촌로26길 42-3,,,,,,,
충만치킨,밥,참살이,치킨,무난보통,,,,,/(02)929-9646,월-일 14:00 ~ 01:00 / 셋째주 일요일 휴무,X,O,O,,,,,,,,,,서울특별시 성북구 인촌로24길 8,,,자체해결 / http://tkdrua1458.blog.me/220869748287?Redirect=Log&from=postView,,,,
치킨버스,밥,참살이,치킨,무난보통,,,,,/(02)958-8755,월-일 16:00 ~ 05:00,X,O,O,,,,,,,,,,서울특별시 성북구 인촌로24길 16,,,http://miree1216.blog.me/220176594230?Redirect=Log&from=postView,,,,
치킨퐁,밥,참살이,치킨,무난보통,,,,,/(02)463-2605,월-일 16:00 ~ 03:00 / 연중무휴,X,O,O,,,,,,120석 규모,,,,서울특별시 성북구 인촌로24길 28 인화빌딩,,,http://sindongyj.blog.me/220922070797?Redirect=Log&from=postView,,,,
카니발 피자,밥,참살이,양식,무난보통,,,,,/(02)928-3077,월-일 11:30 ~ 22:00 / 라스트 오더 21:00,O,O,O,,,,,,고려대생 10% 할인/포장 50% 할인,,,,서울특별시 성북구 안암로 77 임충남치과의원,,,http://blog.naver.com/jhj881111/220232461500,,,,
카우보이,밥,참살이,고기,,,,,,(02)928-0733 / 010-2439-1204,월-일 17:30 ~ 12:30 / 둘째 넷째 일요일 휴무,X,O,O,,,,,,,,,,,,,,,,,
코끼리 청국장,밥,참살이,한식,부담없게,,,,,/(02)928-0993,월-일 08:00 ~ 20:00,X,X,X,,,,,,,,,,,,,,,,,
코끼리분식,밥,참살이,한식/분식,무난보통,,,,,/(02)928-0993,월-일 08:00 ~ 20:00,X,X,X,,,,,,,,,,서울특별시 성북구 안암5가 110,,,http://blog.naver.com/viano0420/220906914183,,,,
쿠이도라쿠,밥,참살이,일식,무난보통,,,,,/(02)929-9290,월-일 11:30 ~ 21:30,X,X,X,,,,,,"현금 결제시 500원 할인/밥, 음료 제공",,,,서울특별시 성북구 안암로 103,,,http://sindongyj.blog.me/220906297944?Redirect=Log&from=postView,,,,
크림스치킨,밥,참살이,치킨,무난보통,,,,,/(02)923-5525,월-일 11:00 ~ 02:00 / 브레이크타임 15:00 ~ 17:00 / 일요일 휴무 / 토요일 14:00 ~ 02:00,X,O,O,,,,,,포장시 현금 1000원 할인,,,,서울특별시 성북구 인촌로24길 39,,,,,,,
포몬스,밥,참살이,기타,무난보통,,,,,/(02)913-7963,월-금 11:00 ~ 21:30 / 토요일 휴무 / 일 11:00 ~21:30,O,O,O,,,,,,15000원 이상 배달 가능 / 주문 메뉴는 배달의 민족 한식분식란 참조,,,,서울특별시 성북구 인촌로24길 9,,,http://blog.naver.com/think0ut/220881247981,,,,
품연식당,밥,참살이,중식,,,,,,(02)6081-8255,월-토 12:00 ~ 02:00 / 일요일 휴무,X,O,O,,,,,,,,,,,,,,,,,
하카타,밥,참살이,일식,무난보통,,,,,없음,월-토 10:00 ~ 21:30 / 일요일 휴무,X,O,O,,,,,,,,,,서울특별시 성북구 안암동 5가 102-9,,,,,,,
한끼 돼지국밥,밥,참살이,한식,무난보통,,,,,,,X,O,O,,,,,,,,,,,,,,,,,
한사우 손두부,밥,참살이,한식,작은사치,,,,,/(02)928-2866,월-일 10:00 ~ 22:00 / 명절 휴무,X,O,O,,,,,,좌석 160명 규모,,,,서울특별시 성북구 인촌로 76,,,http://blog.naver.com/fjakgh/220313160671,,,,
한솥도시락(고대안암점),밥,참살이,한식,부담없게,,,,,/(02)927-1830,월-금 08:30 ~ 22:00 / 토-일 09:00 ~ 21:00,O,O,O,,,,,,15000원 이상 배달 가능,,,,서울특별시 성북구 안암동5가 94-2,,,http://blog.naver.com/sand0114/220879169611,,,,
향나무집,밥,참살이,고기,작은사치,,,,,/(02)929-0720,월-토 10:30 ~ 21:30 / 일요일 휴무,X,O,O,,,,,,,,,,서울특별시 성북구 인촌로22길 5,,,,,,,
호만두,밥,참살이,중식/분식,,,,,,/(02)923-1555,월-토 11:00 ~ 24:00 / 일요일 휴무,X,O,X,,,,,,,,,,서울특별시 성북구 인촌로24길 55,,,,,,,
홍콩반점0410,밥,참살이,중식,무난보통,,,,,/(02)6084-8864,월-일 11:00 ~ 21:00 / 명절휴무,X,O,O,,,,,,,,,,서울특별시 성북구 인촌로24가길 6 2층,,,http://miree1216.blog.me/220752092631?Redirect=Log&from=postView,,,,
회뜨는총각,밥,참살이,기타,,,,,,/(02)928-0260,월-일 16:00 ~ 03:00 ,X,O,O,,,,,,,,,,서울특별시 성북구 인촌로26길 14,,,http://minheecool.blog.me/110169003421?Redirect=Log&from=postView,,,,
고대양꼬치집,밥/술,참살이,고기/중식/맥주,무난보통,무난보통,,,,/(02)928-7855,월-일 17:00 ~ 02:00,X,X,O,,,,,,,,,,서울특별시 성북구 인촌로 88,,,http://blog.naver.com/jhj881111/220373360954,,,,
놀이터,밥/술,참살이,맥주,,,,,,010-5822-9311,,,,,,,,,,,,,,,,,,,,,
달래진족,밥/술,참살이,고기/소주,,,,,,050-7982-5635,월-일 12:00 ~ 02:00,O,O,O,,,,,,,,,,서울특별시 성북구 인촌로24길 61,,,,,,,
동's꼬지,밥/술,참살이,소주/고기,,,,,,010-9879-8298,월-토 18:00 ~ 03:00 / 일요일 휴무,,,,,,,,,,,,,서울특별시 성북구 안암로 103,,,,,,,
땡전집,밥/술,참살이,소주/한식,무난보통,무난보통,,,,(02)929-8295 ,월-일 17:00 ~ 05:00 / 연중무휴,O,O,O,O,O,,,O,,,,,서울특별시 성북구 인촌로24길 24,,,자체,,,,
무궁화생고기,밥/술,참살이,고기/소주,,,,,,/(02)953-3544,월-일,,,,,,,,,,,,,서울특별시 성북구 안암로 87-5,,,,,,,
무사(M'SA),밥/술,참살이,일식/사케,,,,,,/(02)924-7500,월-일 17:00 ~ 04:00,,,,,,,,,,,,,서울특별시 성북구 인촌로26길 42-2,,,,,,,
안암꼬치,밥/술,참살이,한식/소주,,,,,,(02)925-9417,,,,,,,,,,,,,,,,,,,,,
유자유,밥/술,참살이,소주/분식,,,,,,/(02)928-7754,월-일 14:00 ~ 04:00,,,,,,,,,,,,,서울특별시 성북구 인촌로24길 47,,,,,,,
작품86,밥/술,참살이,한식/소주,무난보통,무난보통,,,,/(02)922-0308,월-일 10:00 ~ 01:00,X,O,O,,,,,,,,,,서울특별시 성북구 인촌로24길 55,,,,,,,
짚신매운갈비찜,밥/술,참살이,한식/소주,무난보통,무난보통,,,,/(02)923-5484,월-일 17:30 ~ 24:00,,,,,,,,,,,,,서울특별시 성북구 인촌로24길 3-28,,,http://blog.naver.com/go7sun/220746543291,,,,
화통집,밥/술,참살이,고기/소주,무난보통,무난보통,,,,/(02)953-3451,월-일 11:00 ~ 02:00 ,X,X,O,O,,,,O,,,,,서울특별시 성북구 안암로 81-4,,,,,,,
황제곱창,밥/술,참살이,고기/소주,,,,,,/(02)922-1379,월-일 16:00 ~ 03:00,X,O,O,O,,,,O,,,,,서울특별시 성북구 인촌로26길 55,,,,,,,
무르무르 드 구스토,밥/카페,참살이,양식/브런치,,,대화와만남,,,02-928-0683,월-일 10:00 ~ 22:00 / 브레이크타임 15:00 ~ 17:00,X,X,O,,,,,,,,,,,,,http://so6198.blog.me/220419463955?Redirect=Log&from=postView,,,,
프로마치,밥/카페,참살이,양식/대화와만남,,,대화와만남,,,050-4110-1371,월-금 11:00 ~ 21:00 / 토 11:00 ~ 20:00 / 일요일 휴무,,,,,,,,,,,,,서울특별시 성북구 인촌로24가길 13,,,http://blog.naver.com/subin07211?Redirect=Log&logNo=220908785930&from=postView,,,,
1973광장시장,술,참살이,소주,,,,,,(02)928-8543,,,,,,,,,,,,,,,,,http://blog.naver.com/1nelove/220663284777,,,,
88포차,술,참살이,소주,,,,,,010-3227-4085,월-일 17:00 ~ 08:00,,,,,,,,,,,,,서울특별시 성북구 안암로 81,,,http://blog.naver.com/viano0420/220892886464,,,,
Daddy J,술,참살이,양주,,,,,,010-6517-8777,월-일 19:00 ~ 05:30,,,,,,,,,,,,,서울특별시 성북구 인촌로24길 3-3,,,http://blog.naver.com/go7sun/220684119025,,,,
Gotham bar,술,참살이,양주,,,,,,/(02)929-3066,월-일 20:00 ~ 05:00,,,,,,,,,,,,,서울특별시 성북구 인촌로26길 8,,,,,,,
LaVIDA,술,참살이,양주,,,,,,/(02)929-5944,월-토 19:00 ~ 04:00 / 일 19:00 ~ 03:00 / 셋째주 넷째주 일 휴무,,,,,,,,,,,,,서울특별시 성북구 인촌로26길 9,,,,,,,
May bar,술,참살이,양주,,,,,,/(02)925-2389,월-일 20:00 ~ 05:00,,,,,,,,,,,,,서울특별시 성북구 인촌로24가길 11,,,http://blog.naver.com/viano0420/220892886464,,,,
MONACO Bar,술,참살이,양주,,,,,,(02)929-8868,월-토 20:00 ~ 04:00 / 일요일 휴무,,,,,,,,,,,,,,,,,,,,
NEWYORK CITY Bar,술,참살이,양주,,,,,,,,,,,,,,,,,,,,,,,,,,,
NO85,술,참살이,중식,,,,,,,,,,,,,,,,,,,,,,,,,,,
PUNPKIN Bar,술,참살이,양주,,,,,,/(02)929-0550,월-일 19:00 ~ 04:30,,,,,,,,,,,,,서울특별시 성북구 인촌로24가길 14,,,,,,,
QUEEN BAR,술,참살이,양주,,,,,,,,,,,,,,,,,,,,,,,,,,,
The HUB,술,참살이,와인/양주,,,,,,/(02)923-7767,,,,,,,,,,,,,,서울특별시 성북구 인촌로24가길 8,,,,,,,
TLC ,술,참살이,양주,,,,,,010-3210-4476,월-일 19:00 ~ 05:00,,,,,,,,,,,,,서울특별시 성북구 인촌로24길 27,,,http://blog.naver.com/fjakgh?Redirect=Log&logNo=220381142163&from=postView,,,,
UF ANIA,술,참살이,양주,,,,,,/(02)424-9047,월-일 18:30 ~ 05:00 / 연중무휴,,,,,,,,,,,,,서울특별시 성북구 인촌로26길 15,,,,,,,
골목집,술,참살이,소주,,,,,,010-8544-7034,,,,,,,,,,,,,,,,,http://blog.naver.com/sujinoh48/220678569010,,,,
구노포차,술,참살이,소주,,,,,,/(02)928-8885,월-일 17:00 ~ 05:00,,,,,,,,,,,,,서울특별시 성북구 인촌로24길 55,,,,,,,
나이로비,술,참살이,맥주,,,,,,/(02)923-0317,월-일 17:00 ~ 02:00 / 연중무휴,,,,,,,,,,,,,서울특별시 성북구 인촌로26길 25,,,,,,,
달자비어,술,참살이,맥주,,,,,,,,,,,,,,,,,,,,,,,http://blog.naver.com/jhj881111,,,,
도시인II,술,참살이,소주,,,,,,/(02)929-8451,월-일 17:00 ~ 05:00,,,,,,,,,,,,,서울특별시 성북구 인촌로24길 51,,,,,,,
드록바,술,참살이,양주,,,,,,/(02)330-3956,월-일 17:30 ~ 03:00,,,,,,,,,,,,,서울특별시 성북구 인촌로26길 12,,,,,,,
떡술집,술,참살이,양주,,,,,,/(02)922-7142,월-일 18:00 ~ 06:00,,,,,,,,,,,,,서울특별시 성북구 안암동5가 102-32 3층,,,http://sindongyj.blog.me/220730547870?Redirect=Log&from=postView,,,,
휴블랑,술,참살이,양주,,,,,,/(02)6408-0506,월-일 18:00 ~ 03:00,,,,,,,,,,,,,서울특별시 성북구 인촌로 104-1,,,,,,,
막걸리집,술,참살이,막걸리,,,,,,/(02)925-0588,월-일 16:00 ~ 02:00,,,,x,,,,,,,,,서울특별시 성북구 인촌로26길 14 청평빌딩,,,http://sindongyj.blog.me/80208482053?Redirect=Log&from=postView / http://tkdrua1458.blog.me/220844101115?Redirect=Log&from=postView,,,,
맛갱스터,술,참살이,소주,,,,,,/(02)928-7523,,,,,,,,,,,,,,서울특별시 성북구 안암로 81,,,,,,,
맥주바켓,술,참살이,맥주,,,,,,/(02)923-5678,월-일 16:00 ~ 04:00,,,,,,,,,,,,,서울특별시 성북구 인촌로24길 11,,,,,,,
맥주창고,술,참살이,맥주,,,,,,/(02)6225-0629,,,,,,,,,,,,,,서울특별시 성북구 인촌로24가길 8,,,,,,,
박군포차,술,참살이,소주,,,,,,(02)953-2220 / 010-8830-0348,,,,,,,,,,,,,,서울특별시 성북구 인촌로26길 34,,,http://blog.naver.com/sujinoh48/220803310577,,,,
반지,술,참살이,맥주,,,,,,/(02)925-0867,월-일 17:00 ~ 05:00,,,,,,,,,,,,,서울특별시 성북구 인촌로26길 31,,,http://sindongyj.blog.me/220632862767?Redirect=Log&from=postView,,,,
별난주점,술,참살이,맥주,,,,,망했나?,/(02)432-7878,,,,,,,,,,,,,,서울특별시 성북구 인촌로24길 5,,,,,,,
봉구비어,술,참살이,맥주,,,,,,010-5588-4872,월-일 17:00 ~ 03:00 / 연중무휴,,,,,,,,,,,,,서울특별시 성북구 인촌로26길 42-2 2층,,,http://sindongyj.blog.me/220918382085?Redirect=Log&from=postView,,,,
비트윈더바,술,참살이,양주,,,,,,/(02)925-4686,월-일 18:00 ~ 03:00,,,,,,,,,,,,,서울특별시 성북구 인촌로24길 36 송곡빌딩,,,,,,,
삼팔포차,술,참살이,소주,,,,,,,,,,,,,,,,,,,,,,,,,,,
삼팔포차 2호점,술,참살이,소주,,,,,,,,,,,,,,,,,,,,,,,,,,,
술익는마을,술,참살이,막걸리,,,,,,016-704-0803,,,,,,,,,,,,,,,,,,,,,
아맛나슈퍼,술,참살이,소주,,,,,,/(02)921-5055,,,,,,,,,,,,,,서울특별시 성북구 인촌로26길 42-1,,,http://blog.naver.com/viano0420/220929121514,,,,
에비로드,술,참살이,양주,,,,,,/(02)6403-0053,,,,,,,,,,,,,,서울특별시 성북구 인촌로26길 42-4,,,,,,,
왕빈대떡삼파전,술,참살이,막걸리,,,,,,(02)922-0623,월-일 17:00 ~ 24:00,,,,,,,,,,,,,,,,,,,,
용구비어,술,참살이,맥주,,,,,,/(02)921-8970,월-일 17:00 ~ 02:00,,,,,,,,,,,,,서울특별시 성북구 인촌로28길 5,,,,,,,
울프꼬치,술,참살이,소주,,,,,,010-3703-5191,,,,,,,,,,,,,,,,,,,,,
원(元)이자카야,술,참살이,사케,,,,,,(02)928-1049,월-일 18:00 ~ 04:00,,,,,,,,,,,,,서울특별시 성북구 인촌로26길 45-4,,,http://blog.naver.com/lyy197857/220759224595,,,,
이모네,술,참살이,소주,,,,,,,,,,,,,,,,,,,,,,,http://blog.naver.com/hajung0716/220907250012,,,,
이모네 포차,술,참살이,소주,,,,,,010-7743-9782,,,,,,,,,,,,,,,,,,,,,
이시스(Jsis),술,참살이,양주,,,,,,/(02)922-1594,월-일 20:00 ~ 02:00 / 금 20:00 ~ 03:00,,,,,,,,,,,,,서울특별시 성북구 인촌로26길 45-1,,,,,,,
주당,술,참살이,소주,,,,,,/(02)927-0951,월-일 19:00 ~ 03:00,,,,x,,,,,대관은 그날 예약현황에 따라 다름,,,,서울특별시 성북구 인촌로26길 42-3,,,,,,,
진화로,술,참살이,사케,,,,,,/(02)929-2798,월-일 17:00 ~ 02:00,,,,,,,,,,,,,서울특별시 성북구 인촌로 102,,,,,,,
쪼끼쪼끼,술,참살이,맥주,,,,,,/(02)922-6887,월-금 17:00 ~ 04:00,,,,,,,,,,,,,서울특별시 성북구 인촌로24길 3-42,,,,,,,
찬수씨 싼술을 부탁해,술,참살이,소주,,,,,,/(02)922-2250,월-금 17:00 ~ 02:00 / 일 17:00 ~ 02:00 / 토요일 휴무 ,,,,O,,,,,,,,,서울특별시 성북구 인촌로24길 48,,,http://tkdrua1458.blog.me/220826001756?Redirect=Log&from=postView,,,,
춘자,술,참살이,소주,,,,,,/(02)928-7416,월-금 11:00 ~ 03:00 / 토-일 17:30 ~ 03:00,,,,,,,,,,,,,서울특별시 성북구 인촌로26길 42-2,,,http://blog.naver.com/p_radn?Redirect=Log&logNo=90189130687&from=postView,,,,
춘자2,술,참살이,소주,,,,,,,,,,,,,,,,,,,,,,,http://blog.naver.com/viano0420/220918545409,,,,
피닉스바,술,참살이,양주,,,,,,/(02)929-6468,월-일 18:00 ~ 05:00,,,,,,,,,,,,,서울특별시 성북구 인촌로24길 28 인화빌딩,,,,,,,
피쉬앤그릴,술,참살이,소주,,,,,,/(02)926-6292,월-일 17:00 ~ 05:00,,,,,,,,,,,,,서울특별시 성북구 인촌로24가길 11,,,http://blog.naver.com/viano0420/220599369127 / http://blog.naver.com/jhj881111,,,,
한잔의추억,술,참살이,소주/막걸리,,,,,,/(02)3291-4848,월-일 17:00 ~ 07:00,,,,,,,,,,,,,서울특별시 성북구 인촌로26길 30,,,,,,,
호미불닭발,술,참살이,소주,,,,,,/(02)923-5356,월-일 17:00 ~ 03:00,,,,,,,,,,,,,서울특별시 성북구 안암로 81-4 3층,,,http://blog.naver.com/sindongyj,,,,
花 bar,술,참살이,양주,,,,,,/(02)922-3094,월-토 21:00 ~ 03:00 / 일요일 휴무,,,,,,,,,,,,,서울특별시 성북구 인촌로24가길 6,,,,,,,
휘모리,술,참살이,소주,,,,,,010-7941-1728,월-일 17:30 ~ 05:30,,,,,,,,,,,,,서울특별시 성북구 인촌로24길 45,,,,,,,
희야,술,참살이,사케,,,,,,010-3703-5191,월-일 17:00 ~ 06:00,,,,,,,,,,,,,서울특별시 성북구 인촌로26길 32 1F,,,http://sindongyj.blog.me/220905040316?Redirect=Log&from=postView,,,,
102 TREE,카페,참살이,커피,,,대화와만남,,,/(02)2193-9696,월-일 11:00 ~ 20:00,,,,,,,,,,,,,서울특별시 성북구 인촌로22길 19 세림빌딩,,,http://blog.naver.com/1nelove/220661350788,,,,
58도씨,카페,참살이,차,,,테이크아웃,,,010-9105-2389,월-일 11:00 ~ 22:00,,,,,X,X,X,X,,,,,서울특별시 성북구 인촌로26길 42-2,,,,,,,
Coffee zip,카페,참살이,커피,,,테이크아웃,,,/(02)6404-2848,월-토 07:30 ~ 21:30 / 일요일 휴무,,,,,,,,,,,,,서울특별시 성북구 안암로 105 동성제일한의원,,,http://blog.naver.com/go7sun/220623649278,,,,
HART CAF?,카페,참살이,커피,,,대화와만남,,,(02)928-9970/010-3974-9909,월-금 11:00 ~ 21:00(수요일 8시마감) / 토-일 휴무,,,,,,,,,,,,,,,,http://blog.naver.com/6281cyh/220309292094 / http://blog.naver.com/lyricistkbg/220880631021,,,,
공차,카페,참살이,차,,,대화아만남,,,/(02)953-5086,월-일 08:30 ~ 24:00 / 연중무휴,,,,,O,X,O,O,,,,,"서울특별시 성북구 인촌로24길 17 1층, 2층",,,,,,,
뉴욕핫도그앤커피,카페,참살이,분식/커피,,,테이크아웃,,,없음,,,,,,X,X,X,X,,,,,,,,,,,,
더퍼스트펭귄,카페,참살이,커피,,,조용히할일,,,/(02)929-1120,월-토 10:00 ~ 23:00 / 일요일 휴무,,,,,,,,,,,,,서울특별시 성북구 인촌로28길 6 사이룩스빌딩,,,,,,,
데일리트로피칼,카페,참살이,주스,,,테이크아웃,,,없음,,,,,,X,X,X,X,,,,,,,,http://blog.naver.com/happy33394/50180983429,,,,
딩굴,카페,참살이,커피,,,조용히할일,,,/(02)928-3716,월-금 10:00 ~ 24:00 / 금-토 24시간 운영,,,,,,,,,,,,,서울특별시 성북구 인촌로24길 44,,,,,,,
뚜레쥬르,카페,참살이,커피/제과,,,테이크아웃,,,/(02)924-2905,월-일 09:30 ~ 23:00,,,,,,,,,,,,,서울특별시 성북구 안암로 77 임충남치과의원,,,,,,,
모퉁이,카페,참살이,커피,,,조용히할일,,,,월-토 09:00 ~ 24:00 / 일 12:00 ~ 24:00,,,,,,,,,,,,,,,,http://blog.naver.com/fjakgh/220307282780,,,,
배스킨라빈스31,카페,참살이,빙과,,,대화와만남,,,/(02)924-0805,월-일 10:00 ~ 23:00,,,,,,,,,,,,,서울특별시 성북구 인촌로24길 25,,,,,,,
버블티킹,카페,참살이,차,,,테이크아웃,,,/(02)929-1998,월-일 10:00 ~ 23:00,,,,,X,X,X,X,,,,,서울특별시 성북구 인촌로 88,,,http://blog.naver.com/fjakgh/220307282780,,,,
쁠레쟝,카페,참살이,?,,,?,,,없음,,,,,,,,,,,,,,,,,,,,,
설빙,카페,참살이,빙과,,,대화와만남,,,070-8231-5157,월-일 11:00 ~ 24:00,,,,,O,X,X,X,,,,,서울특별시 성북구 인촌로24길 14,,,http://minheecool.blog.me/110164005984?Redirect=Log&from=postView,,,,
스타벅스(안암역),카페,참살이,커피,,,대화와만남/조용히할일,,,/(02)758-8541,월-일 07:00 ~ 22:30 / 연중무휴,,,,,,,,,,,,,서울특별시 성북구 인촌로 102-2,,,,,,,
스타벅스(참살이길),카페,참살이,커피,,,대화와만남/조용히할일,,,/(02)758-8067,월-일 07:00 ~ 22:30 / 연중무휴,,,,,,,,,,,,,서울특별시 성북구 인촌로24길 51,,,,,,,
와플앨리,카페,참살이,제과,,,대화와만남,,,/(02)928-3115,월-금 09:30 ~ 23:00 / 토-일 12:00 ~ 23:00,,,,,,,,,,,,,서울특별시 성북구 인촌로28길 21,,,http://minheecool.blog.me/220034657440?Redirect=Log&from=postView / http://blog.naver.com/katymiso/220865191153,,,,
이디야커피(참살이),카페,참살이,커피,,,대화와만남,,,(02)924-7789,,,,,,,,,,,,,,서울특별시 성북구 인촌로24길 45,,,,,,,
전광수 커피하우스,카페,참살이,커피,,,대화와만남,,,/(02)928-0234,월-토 08:00 ~ 11:00 / 일 10:00 ~ 11:00,,,,,,,,,,,,,서울특별시 성북구 인촌로 104-1,,,,,,,
쥬씨,카페,참살이,주스,,,테이크아웃,,,없음,,,,,,,,,,,,,,,,,,,,,
지식을 담다,카페,참살이,커피,,,조용히할일/대화와만남,,,/(02)927-8044,월-토 10:00 ~ 21:00 / 일요일 휴무,,,,,,,,,,,,,서울특별시 성북구 인촌로24가길 17 소낭구,,,,,,,
카페 드나타,카페,참살이,제과,,,테이크아웃,,,(02)923-7771,월-금 11:00 ~ 20:00 / 토 11:30 ~ 19:00 / 일요일 휴무,,,,,,,,,,,,,,,,http://122acacia.blog.me/220576938961?Redirect=Log&from=postView,,,,
카페 포트,카페,참살이,커피,,,대화와만남,,,050-7363-1465,월-금 10:00 ~ 23:00 / 토-일 12:00 ~ 23:00,,,,,,,,,,,,,서울특별시 성북구 인촌로26길 45-9 1층 CAFE PORT,,,,,,,
커피만,카페,참살이,커피,,,대화와만남,,,/(02)929-2820,월-일 08:00 ~ 23:00,,,,,,,,,,,,,서울특별시 성북구 인촌로24길 39 1층 커피만,,,,,,,
커피빈(참살이),카페,참살이,커피,,,대화와만남,,,/(02)923-7735,월-일 10:00 ~ 24:00,,,,,,,,,,,,,서울특별시 성북구 인촌로24길 25,,,,,,,
탐앤탐스,카페,참살이,커피,,,조용히할일/대화와만남,,,/(02)925-4565,월-일 24시간,,,,,,,,,,,,,서울특별시 성북구 인촌로24길 63,,,,,,,
파리바게뜨,카페,참살이,제과,,,테이크아웃,,,/(02)925-4103,월-일 07:00 ~ 24:00,,,,,,,,,,,,,서울특별시 성북구 인촌로24길 9,,,,,,,
프로마치,카페,참살이,커피/브런치,,,대화와만남,,,050-4110-1371,월-금 11:00 ~ 21:00 / 토 11:00 ~ 20:00 / 일요일 휴무,,,,,,,,,,,,,서울특별시 성북구 인촌로24가길 13,,,,,,,
피카커피,카페,참살이,커피,,,조용히할일/대화와만남,,,/(02)6339-3537,월-일 10:00 ~ 23:00 / 연중무휴,,,,,,,,,,,,,서울특별시 성북구 인촌로30길 29 한누리교회,,,,,,,
황준호 베이커리,카페,참살이,제과,,,테이크아웃,,,/(02)928-9542,월-금 09:30 ~ 23:00 / 토 09:30 ~ 22:00 / 일요일 휴무,,,,,,,,,,,,,서울특별시 성북구 인촌로22길 6-2,,,,,,,
맥도날드,,,,,,,,,070-7017-0367,월-일 24시간,O,O,X,,,,,,,,,,서울 성북구 인촌로24길 42 방주빌딩,,,http://blog.naver.com/go7sun/220752596863,,,,
복성미식,,,,,,,,,,,X,O,O,,,,,,,,,,,,,,,,,
